exit,horizon,instance,order,search,solved,total,trivial,valid,gc_bfs_retries,gc_chain_labels,gc_chain_time,gc_chains,gc_distinct,gc_exact_sccs,gc_goal_factors,gc_heuristic_sccs,gc_largest_scc,gc_leftover,gc_mean_product_factors,gc_pairs_weight,gc_proven,gc_sccs,gc_too_big_alone,gc_total_time,gc_unsolved_abstractions,gc_violated
0,1,airport/p06-airport2-p2,goal_chains,0.621688,True,0.929294,False,True,7,41,0.577253,2,41,0,2,0,1,102,10,39,0,41,0,0.585904,0,0
0,14,airport/p06-airport2-p2,linear,1.70657,True,2.00944,False,True,,,,,,,,,,,,,,,,,,
0,2,airport/p06-airport2-p2,relaxed,0.121505,True,0.434597,False,True,,,,,,,,,,,,,,,,,,
0,1,airport/p14-airport3-p3,goal_chains,1.96309,True,3.11914,False,True,14,60,1.84306,3,60,0,3,0,1,231,11.6667,57,0,60,0,1.8739,0,0
0,17,airport/p14-airport3-p3,linear,9.01792,True,10.07,False,True,,,,,,,,,,,,,,,,,,
0,4,airport/p14-airport3-p3,relaxed,1.55854,True,2.64131,False,True,,,,,,,,,,,,,,,,,,
0,2,airport/p15-airport3-p3,goal_chains,1.8458,True,2.82734,False,True,14,58,1.61934,3,58,0,3,0,1,235,11.6667,55,0,58,0,1.6467,0,0
0,15,airport/p15-airport3-p3,linear,5.82363,True,6.85179,False,True,,,,,,,,,,,,,,,,,,
0,3,airport/p15-airport3-p3,relaxed,0.497958,True,1.61566,False,True,,,,,,,,,,,,,,,,,,
0,2,airport/p16-airport3-p4,goal_chains,4.81328,True,8.98059,False,True,24,79,4.55421,4,79,0,4,0,1,339,13,75,0,79,0,4.61519,0,0
0,17,airport/p16-airport3-p4,linear,16.9395,True,21.6983,False,True,,,,,,,,,,,,,,,,,,
0,4,airport/p16-airport3-p4,relaxed,2.64879,True,7.93473,False,True,,,,,,,,,,,,,,,,,,
0,2,airport/p17-airport3-p5,goal_chains,5.18771,True,11.7684,False,True,22,88,4.78978,5,88,0,5,0,1,385,10.4,83,0,88,0,4.90401,0,0
0,17,airport/p17-airport3-p5,linear,17.3769,True,24.5229,False,True,,,,,,,,,,,,,,,,,,
0,5,airport/p17-airport3-p5,relaxed,7.31684,True,15.3317,False,True,,,,,,,,,,,,,,,,,,
0,3,airport/p19-airport3-p6,goal_chains,5.61936,True,12.4288,False,True,24,92,4.09695,6,91,0,6,0,1,329,9,86,0,91,0,4.22792,0,0
0,18,airport/p19-airport3-p6,linear,25.4601,True,32.1758,False,True,,,,,,,,,,,,,,,,,,
0,6,airport/p19-airport3-p6,relaxed,13.63,True,19.7909,False,True,,,,,,,,,,,,,,,,,,
0,3,airport/p20-airport3-p7,goal_chains,10.1363,True,26.9072,False,True,32,115,8.30942,7,115,0,7,0,1,542,10.4286,108,0,115,0,8.54395,0,0
0,19,airport/p20-airport3-p7,linear,55.492,True,73.2072,False,True,,,,,,,,,,,,,,,,,,
0,7,airport/p20-airport3-p7,relaxed,42.8479,True,63.0353,False,True,,,,,,,,,,,,,,,,,,
23,,airport/p30-airport4halfMUC-p8,goal_chains,,False,,False,,,,,,,,,,,,,,,,,,,
23,,airport/p30-airport4halfMUC-p8,linear,,False,,False,,,,,,,,,,,,,,,,,,,
23,,airport/p30-airport4halfMUC-p8,relaxed,,False,,False,,,,,,,,,,,,,,,,,,,
0,1,airport/p36-airport5MUC-p2,goal_chains,16.4565,True,183.469,False,True,10,109,1.75578,2,109,0,2,0,1,1155,6.5,107,0,109,0,7.15762,0,0
250,,airport/p36-airport5MUC-p2,linear,,False,,False,,,,,,,,,,,,,,,,,,,
250,,airport/p36-airport5MUC-p2,relaxed,,False,,False,,,,,,,,,,,,,,,,,,,
23,,airport/p46-airport5MUC-p6,goal_chains,,False,,False,,,,,,,,,,,,,,,,,,,
23,,airport/p46-airport5MUC-p6,linear,,False,,False,,,,,,,,,,,,,,,,,,,
23,,airport/p46-airport5MUC-p6,relaxed,,False,,False,,,,,,,,,,,,,,,,,,,
30,,blocks/probBLOCKS-22-1,goal_chains,,False,,False,,,,,,,,,,,,,,,,,,,
30,,blocks/probBLOCKS-22-1,linear,,False,,False,,,,,,,,,,,,,,,,,,,
30,,blocks/probBLOCKS-22-1,relaxed,,False,,False,,,,,,,,,,,,,,,,,,,
0,8,blocks/probBLOCKS-5-2,goal_chains,1.15641,True,1.15975,False,True,0,15,0.000545832,4,14,0,4,0,1,36,7,11,0,14,0,0.000634732,0,0
0,9,blocks/probBLOCKS-5-2,linear,0.41656,True,0.420312,False,True,,,,,,,,,,,,,,,,,,
0,4,blocks/probBLOCKS-5-2,relaxed,0.200098,True,0.203947,False,True,,,,,,,,,,,,,,,,,,
0,1,childsnack-sat14-strips/child-snack_pfile08-2,goal_chains,67.5958,True,76.6614,False,True,0,39,1.23568,13,17,0,13,0,1,3094,24.5385,26,0,17,0,1.266,0,0
0,2,childsnack-sat14-strips/child-snack_pfile08-2,linear,17.0688,True,26.3129,False,True,,,,,,,,,,,,,,,,,,
0,1,childsnack-sat14-strips/child-snack_pfile08-2,relaxed,101.171,True,110.251,False,True,,,,,,,,,,,,,,,,,,
0,1,childsnack-sat14-strips/child-snack_pfile10-2,goal_chains,236.066,True,257.808,False,True,0,45,4.71807,15,19,0,15,0,1,4801,29,30,0,19,0,4.77685,0,0
0,2,childsnack-sat14-strips/child-snack_pfile10-2,linear,150.803,True,174.113,False,True,,,,,,,,,,,,,,,,,,
0,1,childsnack-sat14-strips/child-snack_pfile10-2,relaxed,229.977,True,259.059,False,True,,,,,,,,,,,,,,,,,,
0,3,depot/pfile13,goal_chains,13.1075,True,13.5078,False,True,20,22,4.91653,6,22,0,6,0,1,830,18,16,0,22,0,4.92135,0,0
0,4,depot/pfile13,linear,11.9804,True,12.3845,False,True,,,,,,,,,,,,,,,,,,
0,3,depot/pfile13,relaxed,3.88557,True,4.29892,False,True,,,,,,,,,,,,,,,,,,
0,8,depot/pfile4,goal_chains,301.071,True,301.263,False,True,9,20,1.26282,6,18,0,6,0,1,462,21.3333,14,0,18,0,1.26531,0,0
0,7,depot/pfile4,linear,42.3527,True,42.528,False,True,,,,,,,,,,,,,,,,,,
0,8,depot/pfile4,relaxed,328.673,True,328.877,False,True,,,,,,,,,,,,,,,,,,
0,6,depot/pfile5,goal_chains,431.118,True,431.546,False,True,35,34,8.34837,9,34,0,10,0,1,686,20.1111,25,0,34,0,8.35202,0,0
23,,depot/pfile5,linear,,False,,False,,,,,,,,,,,,,,,,,,,
23,,depot/pfile5,relaxed,,False,,False,,,,,,,,,,,,,,,,,,,
0,3,depot/pfile7,goal_chains,2.69387,True,2.78681,False,True,10,17,1.22992,5,17,0,5,0,1,343,19.2,12,0,17,0,1.23093,0,0
0,4,depot/pfile7,linear,2.28693,True,2.39508,False,True,,,,,,,,,,,,,,,,,,
0,3,depot/pfile7,relaxed,3.20926,True,3.33107,False,True,,,,,,,,,,,,,,,,,,
0,4,driverlog/pfile11,goal_chains,0.394166,True,0.413577,False,True,0,23,0.00282981,6,12,2,7,0,2,111,4.5,14,2,10,0,0.0031436,0,2
0,6,driverlog/pfile11,linear,0.584346,True,0.606266,False,True,,,,,,,,,,,,,,,,,,
0,4,driverlog/pfile11,relaxed,0.512508,True,0.533186,False,True,,,,,,,,,,,,,,,,,,
0,4,driverlog/pfile12,goal_chains,1.0579,True,1.09057,False,True,0,42,0.0143684,8,17,3,10,0,5,181,4.75,28,3,11,0,0.0148734,0,6
0,6,driverlog/pfile12,linear,1.62684,True,1.66316,False,True,,,,,,,,,,,,,,,,,,
0,4,driverlog/pfile12,relaxed,0.986055,True,1.02703,False,True,,,,,,,,,,,,,,,,,,
0,5,driverlog/pfile13,goal_chains,1.35602,True,1.38916,False,True,0,40,0.032877,7,17,2,8,0,5,181,4.28571,25,2,11,0,0.0334045,0,6
0,6,driverlog/pfile13,linear,1.95784,True,1.9952,False,True,,,,,,,,,,,,,,,,,,
0,5,driverlog/pfile13,relaxed,2.22827,True,2.27191,False,True,,,,,,,,,,,,,,,,,,
0,4,driverlog/pfile14,goal_chains,0.851443,True,0.895699,False,True,0,52,0.0542339,8,17,2,9,0,9,190,4.5,31,2,6,0,0.0549211,0,8
0,5,driverlog/pfile14,linear,1.25613,True,1.30513,False,True,,,,,,,,,,,,,,,,,,
0,4,driverlog/pfile14,relaxed,0.995668,True,1.05145,False,True,,,,,,,,,,,,,,,,,,
0,4,driverlog/pfile15,goal_chains,9.05762,True,9.21072,False,True,0,43,0.386857,9,20,2,10,0,10,412,5.55556,31,2,10,0,0.388029,0,7
0,5,driverlog/pfile15,linear,7.53474,True,7.70822,False,True,,,,,,,,,,,,,,,,,,
0,4,driverlog/pfile15,relaxed,6.6464,True,6.80624,False,True,,,,,,,,,,,,,,,,,,
0,6,driverlog/pfile18,goal_chains,378.482,True,380.065,False,True,51,96,3.53993,21,44,0,23,0,1,1731,4.95238,55,0,44,0,3.55131,0,0
0,7,driverlog/pfile18,linear,422.982,True,424.539,False,True,,,,,,,,,,,,,,,,,,
0,6,driverlog/pfile18,relaxed,392.704,True,394.27,False,True,,,,,,,,,,,,,,,,,,
0,3,driverlog/pfile3,goal_chains,0.00774538,True,0.0125272,False,True,0,12,8.5458e-05,3,8,2,6,0,3,22,6,9,2,5,0,0.000261825,0,3
0,3,driverlog/pfile3,linear,0.00933667,True,0.012004,False,True,,,,,,,,,,,,,,,,,,
0,2,driverlog/pfile3,relaxed,0.00568923,True,0.0108306,False,True,,,,,,,,,,,,,,,,,,
0,,elevators-00-strips/s1-2,goal_chains,,True,0.00250098,True,True,,,,,,,,,,,,,,,,,,
0,,elevators-00-strips/s1-2,linear,,True,0.00275144,True,True,,,,,,,,,,,,,,,,,,
0,,elevators-00-strips/s1-2,relaxed,,True,0.00261808,True,True,,,,,,,,,,,,,,,,,,
0,1,elevators-opt08-strips/p14,goal_chains,0.00567239,True,0.019556,False,True,0,14,0.000298957,4,14,0,4,0,1,18,5,10,0,14,0,0.00036124,0,0
0,2,elevators-opt08-strips/p14,linear,0.00854872,True,0.0248001,False,True,,,,,,,,,,,,,,,,,,
0,2,elevators-opt08-strips/p14,relaxed,0.0073798,True,0.0240794,False,True,,,,,,,,,,,,,,,,,,
0,1,elevators-sat08-strips/p06,goal_chains,0.00937376,True,0.05771,False,True,0,24,0.00100332,9,24,0,9,0,1,48,5,15,0,24,0,0.00119961,0,0
0,1,elevators-sat08-strips/p06,linear,0.00900377,True,0.0585953,False,True,,,,,,,,,,,,,,,,,,
0,3,elevators-sat08-strips/p06,relaxed,0.0355679,True,0.0846807,False,True,,,,,,,,,,,,,,,,,,
0,1,elevators-sat08-strips/p08,goal_chains,0.0117779,True,0.0914697,False,True,0,26,0.0013222,11,26,0,11,0,1,62,5,15,0,26,0,0.0016143,0,0
0,2,elevators-sat08-strips/p08,linear,0.0188269,True,0.102035,False,True,,,,,,,,,,,,,,,,,,
0,3,elevators-sat08-strips/p08,relaxed,0.103233,True,0.17562,False,True,,,,,,,,,,,,,,,,,,
0,1,elevators-sat08-strips/p09,goal_chains,0.0131956,True,0.1002,False,True,0,28,0.00161511,12,28,0,12,0,1,68,5,16,0,28,0,0.00193178,0,0
0,1,elevators-sat08-strips/p09,linear,0.0112873,True,0.111861,False,True,,,,,,,,,,,,,,,,,,
0,2,elevators-sat08-strips/p09,relaxed,0.0181539,True,0.0981382,False,True,,,,,,,,,,,,,,,,,,
0,1,elevators-sat08-strips/p10,goal_chains,0.0142971,True,0.109251,False,True,0,44,0.00331995,13,44,0,13,0,1,60,5,31,0,44,0,0.00368439,0,0
0,2,elevators-sat08-strips/p10,linear,0.0190476,True,0.15661,False,True,,,,,,,,,,,,,,,,,,
0,3,elevators-sat08-strips/p10,relaxed,0.0538378,True,0.149033,False,True,,,,,,,,,,,,,,,,,,
0,1,elevators-sat08-strips/p14,goal_chains,0.0169991,True,0.27435,False,True,0,42,0.00409544,14,42,0,14,0,1,70,5,28,0,42,0,0.0045562,0,0
0,2,elevators-sat08-strips/p14,linear,0.0355173,True,0.334314,False,True,,,,,,,,,,,,,,,,,,
0,3,elevators-sat08-strips/p14,relaxed,0.14434,True,0.368612,False,True,,,,,,,,,,,,,,,,,,
0,1,elevators-sat08-strips/p15,goal_chains,0.0205552,True,0.392682,False,True,0,48,0.00578622,16,48,0,16,0,1,80,5,32,0,48,0,0.00631203,0,0
0,1,elevators-sat08-strips/p15,linear,0.0157142,True,0.385669,False,True,,,,,,,,,,,,,,,,,,
0,4,elevators-sat08-strips/p15,relaxed,1.80614,True,2.12838,False,True,,,,,,,,,,,,,,,,,,
0,1,elevators-sat08-strips/p16,goal_chains,0.0226328,True,0.505939,False,True,0,48,0.00718555,18,48,0,18,0,1,96,5,30,0,48,0,0.00780807,0,0
0,1,elevators-sat08-strips/p16,linear,0.0171527,True,0.482393,False,True,,,,,,,,,,,,,,,,,,
0,3,elevators-sat08-strips/p16,relaxed,0.494402,True,0.896943,False,True,,,,,,,,,,,,,,,,,,
0,1,elevators-sat08-strips/p17,goal_chains,0.0246991,True,0.702115,False,True,0,52,0.00698112,20,52,0,20,0,1,108,5,32,0,52,0,0.0077554,0,0
0,2,elevators-sat08-strips/p17,linear,0.0522955,True,0.751575,False,True,,,,,,,,,,,,,,,,,,
0,3,elevators-sat08-strips/p17,relaxed,0.398196,True,0.960021,False,True,,,,,,,,,,,,,,,,,,
0,1,elevators-sat08-strips/p18,goal_chains,0.0301704,True,0.988167,False,True,0,62,0.00991819,22,62,0,22,0,1,114,5,40,0,62,0,0.0110654,0,0
0,2,elevators-sat08-strips/p18,linear,0.0907097,True,1.09395,False,True,,,,,,,,,,,,,,,,,,
0,4,elevators-sat08-strips/p18,relaxed,1.55938,True,2.27867,False,True,,,,,,,,,,,,,,,,,,
0,1,elevators-sat08-strips/p19,goal_chains,0.0358585,True,1.31642,False,True,0,72,0.0146346,24,72,0,24,0,1,120,5,48,0,72,0,0.0159276,0,0
0,2,elevators-sat08-strips/p19,linear,0.0531111,True,1.29744,False,True,,,,,,,,,,,,,,,,,,
0,5,elevators-sat08-strips/p19,relaxed,9.91344,True,10.8495,False,True,,,,,,,,,,,,,,,,,,
0,1,elevators-sat08-strips/p20,goal_chains,0.0291411,True,1.49313,False,True,0,60,0.00836715,26,60,0,26,0,1,148,5,34,0,60,0,0.00952618,0,0
0,1,elevators-sat08-strips/p20,linear,0.0238899,True,1.80301,False,True,,,,,,,,,,,,,,,,,,
0,5,elevators-sat08-strips/p20,relaxed,13.7809,True,14.9653,False,True,,,,,,,,,,,,,,,,,,
0,1,elevators-sat08-strips/p24,goal_chains,0.0796525,True,1.75951,False,True,0,80,0.0450284,21,80,0,21,0,1,130,6,59,0,80,0,0.046609,0,0
0,2,elevators-sat08-strips/p24,linear,0.0744861,True,1.36528,False,True,,,,,,,,,,,,,,,,,,
0,3,elevators-sat08-strips/p24,relaxed,0.850369,True,2.33367,False,True,,,,,,,,,,,,,,,,,,
0,1,elevators-sat08-strips/p26,goal_chains,0.0988617,True,3.45874,False,True,0,88,0.0561381,27,88,0,27,0,1,182,6,61,0,88,0,0.0588408,0,0
0,2,elevators-sat08-strips/p26,linear,0.185159,True,3.57774,False,True,,,,,,,,,,,,,,,,,,
0,3,elevators-sat08-strips/p26,relaxed,0.896629,True,3.5899,False,True,,,,,,,,,,,,,,,,,,
0,1,elevators-sat08-strips/p27,goal_chains,0.15801,True,4.65469,False,True,0,112,0.109355,30,112,0,30,0,1,188,6,82,0,112,0,0.112624,0,0
0,2,elevators-sat08-strips/p27,linear,0.111429,True,4.29671,False,True,,,,,,,,,,,,,,,,,,
0,3,elevators-sat08-strips/p27,relaxed,1.26944,True,4.72569,False,True,,,,,,,,,,,,,,,,,,
0,1,elevators-sat08-strips/p28,goal_chains,0.182247,True,5.95473,False,True,0,114,0.123988,33,114,0,33,0,1,216,6,81,0,114,0,0.128284,0,0
0,2,elevators-sat08-strips/p28,linear,0.151838,True,5.94239,False,True,,,,,,,,,,,,,,,,,,
0,3,elevators-sat08-strips/p28,relaxed,2.43074,True,8.08378,False,True,,,,,,,,,,,,,,,,,,
0,1,elevators-sat08-strips/p29,goal_chains,0.250044,True,10.0864,False,True,0,124,0.183034,36,124,0,36,0,1,236,6,88,0,124,0,0.18854,0,0
0,2,elevators-sat08-strips/p29,linear,0.222422,True,9.62061,False,True,,,,,,,,,,,,,,,,,,
0,3,elevators-sat08-strips/p29,relaxed,5.13315,True,13.779,False,True,,,,,,,,,,,,,,,,,,
0,1,elevators-sat08-strips/p30,goal_chains,0.156543,True,13.7042,False,True,0,126,0.096587,39,126,0,39,0,1,264,6,87,0,126,0,0.101681,0,0
0,2,elevators-sat08-strips/p30,linear,0.215022,True,14.2232,False,True,,,,,,,,,,,,,,,,,,
0,4,elevators-sat08-strips/p30,relaxed,10.4278,True,24.3966,False,True,,,,,,,,,,,,,,,,,,
0,1,elevators-sat11-strips/p01,goal_chains,0.0164855,True,0.239125,False,True,0,42,0.0040415,14,42,0,14,0,1,70,5,28,0,42,0,0.00442419,0,0
0,2,elevators-sat11-strips/p01,linear,0.0347235,True,0.307625,False,True,,,,,,,,,,,,,,,,,,
0,3,elevators-sat11-strips/p01,relaxed,0.126671,True,0.330749,False,True,,,,,,,,,,,,,,,,,,
0,1,elevators-sat11-strips/p02,goal_chains,0.0713205,True,1.5637,False,True,0,80,0.03747,21,80,0,21,0,1,130,6,59,0,80,0,0.0387979,0,0
0,2,elevators-sat11-strips/p02,linear,0.0772828,True,1.72541,False,True,,,,,,,,,,,,,,,,,,
0,3,elevators-sat11-strips/p02,relaxed,0.755625,True,1.8824,False,True,,,,,,,,,,,,,,,,,,
0,1,elevators-sat11-strips/p03,goal_chains,0.0814667,True,2.86055,False,True,0,88,0.039477,27,88,0,27,0,1,182,6,61,0,88,0,0.0417689,0,0
0,2,elevators-sat11-strips/p03,linear,0.201393,True,3.57012,False,True,,,,,,,,,,,,,,,,,,
0,3,elevators-sat11-strips/p03,relaxed,0.810067,True,3.47579,False,True,,,,,,,,,,,,,,,,,,
0,1,elevators-sat11-strips/p04,goal_chains,0.0262568,True,1.25679,False,True,0,60,0.00696694,26,60,0,26,0,1,148,5,34,0,60,0,0.00797032,0,0
0,1,elevators-sat11-strips/p04,linear,0.0231937,True,1.4466,False,True,,,,,,,,,,,,,,,,,,
0,5,elevators-sat11-strips/p04,relaxed,13.9308,True,14.9597,False,True,,,,,,,,,,,,,,,,,,
0,1,elevators-sat11-strips/p05,goal_chains,0.0242056,True,0.750305,False,True,0,62,0.00759841,22,62,0,22,0,1,114,5,40,0,62,0,0.00829927,0,0
0,2,elevators-sat11-strips/p05,linear,0.0793957,True,0.798827,False,True,,,,,,,,,,,,,,,,,,
0,4,elevators-sat11-strips/p05,relaxed,1.82496,True,2.72344,False,True,,,,,,,,,,,,,,,,,,
0,1,elevators-sat11-strips/p06,goal_chains,0.110192,True,3.61861,False,True,0,112,0.0657514,30,112,0,30,0,1,188,6,82,0,112,0,0.0682987,0,0
0,2,elevators-sat11-strips/p06,linear,0.105535,True,4.26249,False,True,,,,,,,,,,,,,,,,,,
0,3,elevators-sat11-strips/p06,relaxed,1.39979,True,5.35311,False,True,,,,,,,,,,,,,,,,,,
0,1,elevators-sat11-strips/p08,goal_chains,0.139069,True,5.59104,False,True,0,114,0.0823366,33,114,0,33,0,1,216,6,81,0,114,0,0.0858381,0,0
0,2,elevators-sat11-strips/p08,linear,0.128783,True,5.66655,False,True,,,,,,,,,,,,,,,,,,
0,3,elevators-sat11-strips/p08,relaxed,2.30615,True,7.05079,False,True,,,,,,,,,,,,,,,,,,
0,1,elevators-sat11-strips/p09,goal_chains,0.184186,True,9.64377,False,True,0,124,0.120319,36,124,0,36,0,1,236,6,88,0,124,0,0.125014,0,0
0,2,elevators-sat11-strips/p09,linear,0.24131,True,9.9652,False,True,,,,,,,,,,,,,,,,,,
0,3,elevators-sat11-strips/p09,relaxed,6.04014,True,15.6688,False,True,,,,,,,,,,,,,,,,,,
0,1,elevators-sat11-strips/p10,goal_chains,0.155971,True,13.1511,False,True,0,126,0.0905449,39,126,0,39,0,1,264,6,87,0,126,0,0.0967488,0,0
0,2,elevators-sat11-strips/p10,linear,0.223836,True,14.2298,False,True,,,,,,,,,,,,,,,,,,
0,4,elevators-sat11-strips/p10,relaxed,9.53832,True,22.0411,False,True,,,,,,,,,,,,,,,,,,
0,1,elevators-sat11-strips/p12,goal_chains,1.74741,True,25.114,False,True,0,164,1.62385,43,164,0,43,0,1,524,9,121,0,164,0,1.63926,0,0
0,2,elevators-sat11-strips/p12,linear,2.58285,True,28.32,False,True,,,,,,,,,,,,,,,,,,
0,3,elevators-sat11-strips/p12,relaxed,7.0846,True,36.0195,False,True,,,,,,,,,,,,,,,,,,
0,1,elevators-sat11-strips/p13,goal_chains,2.10149,True,33.6655,False,True,0,174,1.94367,46,174,0,46,0,1,562,9,128,0,174,0,1.96028,0,0
0,2,elevators-sat11-strips/p13,linear,0.496545,True,31.4704,False,True,,,,,,,,,,,,,,,,,,
0,3,elevators-sat11-strips/p13,relaxed,16.8364,True,49.7116,False,True,,,,,,,,,,,,,,,,,,
0,1,elevators-sat11-strips/p14,goal_chains,1.62905,True,37.2733,False,True,0,170,1.44615,49,170,0,49,0,1,614,9,121,0,170,0,1.46843,0,0
0,2,elevators-sat11-strips/p14,linear,0.681233,True,39.2358,False,True,,,,,,,,,,,,,,,,,,
0,3,elevators-sat11-strips/p14,relaxed,10.198,True,48.6641,False,True,,,,,,,,,,,,,,,,,,
0,1,elevators-sat11-strips/p15,goal_chains,1.82243,True,42.4878,False,True,0,188,1.64289,52,188,0,52,0,1,644,9,136,0,188,0,1.66472,0,0
0,2,elevators-sat11-strips/p15,linear,0.620547,True,41.9476,False,True,,,,,,,,,,,,,,,,,,
0,3,elevators-sat11-strips/p15,relaxed,26.9489,True,69.1108,False,True,,,,,,,,,,,,,,,,,,
0,1,elevators-sat11-strips/p16,goal_chains,1.82827,True,29.2221,False,True,0,154,1.68179,40,154,0,40,0,1,486,9,114,0,154,0,1.69561,0,0
0,2,elevators-sat11-strips/p16,linear,0.595849,True,26.7405,False,True,,,,,,,,,,,,,,,,,,
0,3,elevators-sat11-strips/p16,relaxed,8.80539,True,36.5492,False,True,,,,,,,,,,,,,,,,,,
0,1,elevators-sat11-strips/p17,goal_chains,2.54004,True,41.4402,False,True,0,176,2.3853,45,176,0,45,0,1,544,9,131,0,176,0,2.40321,0,0
0,2,elevators-sat11-strips/p17,linear,0.629439,True,38.8194,False,True,,,,,,,,,,,,,,,,,,
0,4,elevators-sat11-strips/p17,relaxed,33.9038,True,73.7125,False,True,,,,,,,,,,,,,,,,,,
0,1,elevators-sat11-strips/p18,goal_chains,3.59749,True,52.6737,False,True,0,194,3.42547,50,194,0,50,0,1,606,9,144,0,194,0,3.44608,0,0
0,2,elevators-sat11-strips/p18,linear,0.624004,True,47.8521,False,True,,,,,,,,,,,,,,,,,,
0,4,elevators-sat11-strips/p18,relaxed,46.5577,True,95.6191,False,True,,,,,,,,,,,,,,,,,,
0,1,elevators-sat11-strips/p19,goal_chains,3.51383,True,67.2157,False,True,0,214,3.31696,55,214,0,55,0,1,666,9,159,0,214,0,3.34424,0,0
0,2,elevators-sat11-strips/p19,linear,0.592244,True,58.4483,False,True,,,,,,,,,,,,,,,,,,
23,,elevators-sat11-strips/p19,relaxed,,False,,False,,,,,,,,,,,,,,,,,,,
0,1,elevators-sat11-strips/p20,goal_chains,3.70222,True,87.7831,False,True,0,216,3.47681,60,216,0,60,0,1,744,9,156,0,216,0,3.50762,0,0
0,2,elevators-sat11-strips/p20,linear,6.39487,True,85.2734,False,True,,,,,,,,,,,,,,,,,,
23,,elevators-sat11-strips/p20,relaxed,,False,,False,,,,,,,,,,,,,,,,,,,
0,1,ferry/p-10locs-5cars,goal_chains,0.00422891,True,0.0100821,False,True,0,10,4.219e-05,5,10,0,5,0,1,0,2,5,0,10,0,7.4623e-05,0,0
0,1,ferry/p-10locs-5cars,linear,0.00410167,True,0.00870363,False,True,,,,,,,,,,,,,,,,,,
0,5,ferry/p-10locs-5cars,relaxed,0.0101568,True,0.0163517,False,True,,,,,,,,,,,,,,,,,,
0,1,ferry/p-10locs-7cars,goal_chains,0.00435777,True,0.0113503,False,True,0,10,5.7733e-05,5,10,0,7,0,1,4,2.8,5,0,10,0,9.0887e-05,0,0
0,1,ferry/p-10locs-7cars,linear,0.00443252,True,0.0117023,False,True,,,,,,,,,,,,,,,,,,
0,5,ferry/p-10locs-7cars,relaxed,0.00987745,True,0.0162156,False,True,,,,,,,,,,,,,,,,,,
0,4,floortile-sat11-strips/seq-p02-004,goal_chains,2.8464,True,2.87915,False,True,0,139,0.164468,15,62,1,15,0,51,82,6.13333,124,1,12,0,0.474771,0,7
0,8,floortile-sat11-strips/seq-p02-004,linear,13.342,True,13.3793,False,True,,,,,,,,,,,,,,,,,,
0,12,floortile-sat11-strips/seq-p02-004,relaxed,72.6017,True,72.6406,False,True,,,,,,,,,,,,,,,,,,
0,3,floortile-sat14-strips/p02-5-4-2,goal_chains,3.45696,True,3.53376,False,True,6,190,0.608129,20,91,2,20,0,81,109,6.2,170,2,8,0,1.0626,0,9
0,10,floortile-sat14-strips/p02-5-4-2,linear,109.557,True,109.641,False,True,,,,,,,,,,,,,,,,,,
23,,floortile-sat14-strips/p02-5-4-2,relaxed,,False,,False,,,,,,,,,,,,,,,,,,,
0,5,floortile-sat14-strips/p03-6-4-2,goal_chains,84.3139,True,84.4305,False,True,15,219,0.915677,24,87,1,24,0,83,149,6.125,195,0,5,0,54.8635,0,14
0,12,floortile-sat14-strips/p03-6-4-2,linear,541.648,True,541.771,False,True,,,,,,,,,,,,,,,,,,
23,,floortile-sat14-strips/p03-6-4-2,relaxed,,False,,False,,,,,,,,,,,,,,,,,,,
0,4,floortile-sat14-strips/p04-5-4-2,goal_chains,36.2949,True,36.3853,False,True,3,193,0.594618,20,90,1,20,0,80,110,6.25,173,0,11,0,30.173,0,13
0,10,floortile-sat14-strips/p04-5-4-2,linear,125.583,True,125.655,False,True,,,,,,,,,,,,,,,,,,
23,,floortile-sat14-strips/p04-5-4-2,relaxed,,False,,False,,,,,,,,,,,,,,,,,,,
23,,freecell/pfile17,goal_chains,,False,,False,,17,22,14.4087,4,13,0,4,0,1,886,7.5,18,0,13,0,14.4491,0,0
23,,freecell/pfile17,linear,,False,,False,,,,,,,,,,,,,,,,,,,
23,,freecell/pfile17,relaxed,,False,,False,,,,,,,,,,,,,,,,,,,
0,2,freecell/probfreecell-4-1,goal_chains,4.66898,True,5.23308,False,True,4,14,0.622652,4,11,0,4,0,1,235,10.25,10,0,11,0,0.624163,0,0
0,3,freecell/probfreecell-4-1,linear,7.83248,True,8.38531,False,True,,,,,,,,,,,,,,,,,,
0,1,freecell/probfreecell-4-1,relaxed,0.997462,True,1.54801,False,True,,,,,,,,,,,,,,,,,,
0,2,freecell/probfreecell-4-3,goal_chains,3.76185,True,4.25714,False,True,4,16,0.359739,4,12,0,4,0,1,226,12.75,12,0,12,0,0.360993,0,0
0,2,freecell/probfreecell-4-3,linear,4.18608,True,4.7104,False,True,,,,,,,,,,,,,,,,,,
0,1,freecell/probfreecell-4-3,relaxed,0.959859,True,1.46701,False,True,,,,,,,,,,,,,,,,,,
0,3,freecell/probfreecell-7-2,goal_chains,37.4643,True,39.5471,False,True,13,21,3.30706,4,16,0,4,0,1,477,11.25,17,0,16,0,3.3135,0,0
0,4,freecell/probfreecell-7-2,linear,99.364,True,102.216,False,True,,,,,,,,,,,,,,,,,,
0,2,freecell/probfreecell-7-2,relaxed,33.4037,True,35.9468,False,True,,,,,,,,,,,,,,,,,,
0,2,grid/prob01,goal_chains,63.9897,True,64.0965,False,True,0,4,0.0359621,1,4,0,1,0,1,2262,11,3,0,4,0,0.0436096,0,0
0,4,grid/prob01,linear,64.4448,True,64.5775,False,True,,,,,,,,,,,,,,,,,,
0,2,grid/prob01,relaxed,63.4374,True,63.5584,False,True,,,,,,,,,,,,,,,,,,
22,,grid/prob03,goal_chains,,False,,False,,20,20,7.95323,5,13,0,5,0,1,6486,8.8,15,0,13,0,8.01069,0,0
22,,grid/prob03,linear,,False,,False,,,,,,,,,,,,,,,,,,,
22,,grid/prob03,relaxed,,False,,False,,,,,,,,,,,,,,,,,,,
0,1,gripper/prob01,goal_chains,0.00458671,True,0.00668588,False,True,0,8,5.985e-05,4,8,0,4,0,1,8,3,4,0,8,0,9.1509e-05,0,0
0,3,gripper/prob01,linear,0.00639032,True,0.0101288,False,True,,,,,,,,,,,,,,,,,,
0,2,gripper/prob01,relaxed,0.00514335,True,0.00805957,False,True,,,,,,,,,,,,,,,,,,
0,1,gripper/prob03,goal_chains,0.00559738,True,0.0113202,False,True,0,16,0.000245462,8,16,0,8,0,1,16,3,8,0,16,0,0.000298173,0,0
0,5,gripper/prob03,linear,0.251327,True,0.255619,False,True,,,,,,,,,,,,,,,,,,
0,4,gripper/prob03,relaxed,0.200837,True,0.206668,False,True,,,,,,,,,,,,,,,,,,
0,,logistics00/adl-98-prob03,goal_chains,,True,0.168107,True,True,,,,,,,,,,,,,,,,,,
0,,logistics00/adl-98-prob03,linear,,True,0.173955,True,True,,,,,,,,,,,,,,,,,,
0,,logistics00/adl-98-prob03,relaxed,,True,0.175378,True,True,,,,,,,,,,,,,,,,,,
0,,miconic/s1-2,goal_chains,,True,0.00260074,True,True,,,,,,,,,,,,,,,,,,
0,,miconic/s1-2,linear,,True,0.00285937,True,True,,,,,,,,,,,,,,,,,,
0,,miconic/s1-2,relaxed,,True,0.00263239,True,True,,,,,,,,,,,,,,,,,,
0,,movie/prob03,goal_chains,,True,0.00170956,True,True,,,,,,,,,,,,,,,,,,
0,,movie/prob03,linear,,True,0.00288445,True,True,,,,,,,,,,,,,,,,,,
0,,movie/prob03,relaxed,,True,0.00244173,True,True,,,,,,,,,,,,,,,,,,
0,2,mprime/prob04,goal_chains,0.16727,True,0.221844,False,True,0,7,0.000306287,1,7,0,1,0,1,232,3,6,0,7,0,0.00105349,0,0
0,4,mprime/prob04,linear,1.42522,True,1.47162,False,True,,,,,,,,,,,,,,,,,,
0,1,mprime/prob04,relaxed,0.0380245,True,0.0854972,False,True,,,,,,,,,,,,,,,,,,
0,2,mprime/prob11,goal_chains,0.147566,True,0.198389,False,True,0,10,0.000527379,2,9,0,2,0,1,183,3,8,0,9,0,0.00105486,0,0
0,3,mprime/prob11,linear,0.240142,True,0.294565,False,True,,,,,,,,,,,,,,,,,,
0,2,mprime/prob11,relaxed,0.116068,True,0.160279,False,True,,,,,,,,,,,,,,,,,,
0,1,mprime/prob16,goal_chains,5.31235,True,6.54542,False,True,0,6,0.0650051,2,5,0,2,0,1,1568,15,4,0,5,0,0.0789403,0,0
0,2,mprime/prob16,linear,14.4247,True,15.7727,False,True,,,,,,,,,,,,,,,,,,
0,1,mprime/prob16,relaxed,7.64769,True,9.04608,False,True,,,,,,,,,,,,,,,,,,
250,,mprime/prob18,goal_chains,,False,,False,,4,2,1.82896,1,2,0,1,0,1,3379,7,1,0,2,0,1.91489,0,0
250,,mprime/prob18,linear,,False,,False,,,,,,,,,,,,,,,,,,,
250,,mprime/prob18,relaxed,,False,,False,,,,,,,,,,,,,,,,,,,
0,1,mprime/prob25,goal_chains,0.00689055,True,0.0150009,False,True,0,4,0.000126264,1,4,0,1,0,1,46,5,3,0,4,0,0.000193498,0,0
0,2,mprime/prob25,linear,0.0137273,True,0.0226954,False,True,,,,,,,,,,,,,,,,,,
0,2,mprime/prob25,relaxed,0.013031,True,0.022407,False,True,,,,,,,,,,,,,,,,,,
0,2,mprime/prob26,goal_chains,6.46552,True,6.79777,False,True,4,5,0.276256,1,5,0,1,0,1,662,10,4,0,5,0,0.279002,0,0
0,3,mprime/prob26,linear,15.9495,True,16.2638,False,True,,,,,,,,,,,,,,,,,,
0,1,mprime/prob26,relaxed,1.3844,True,1.88243,False,True,,,,,,,,,,,,,,,,,,
0,1,mprime/prob30,goal_chains,5.84594,True,8.10326,False,True,4,10,0.949645,2,9,1,3,0,3,1122,15.5,8,1,7,0,0.958255,0,1
0,3,mprime/prob30,linear,20.4713,True,22.4118,False,True,,,,,,,,,,,,,,,,,,
0,1,mprime/prob30,relaxed,2.97444,True,5.67129,False,True,,,,,,,,,,,,,,,,,,
0,2,mprime/prob32,goal_chains,0.984221,True,1.14196,False,True,0,7,0.00616999,1,5,1,1,0,4,623,5,6,1,2,0,0.00866543,0,2
0,3,mprime/prob32,linear,2.19457,True,2.36072,False,True,,,,,,,,,,,,,,,,,,
0,2,mprime/prob32,relaxed,1.22744,True,1.39088,False,True,,,,,,,,,,,,,,,,,,
0,2,mystery/prob20,goal_chains,41.1377,True,42.7333,False,True,5,2,0.0973015,1,2,0,1,0,1,1606,10,1,0,2,0,0.119339,0,0
0,3,mystery/prob20,linear,60.6472,True,62.3549,False,True,,,,,,,,,,,,,,,,,,
0,2,mystery/prob20,relaxed,41.0414,True,42.5541,False,True,,,,,,,,,,,,,,,,,,
23,,mystery/prob23,goal_chains,,False,,False,,4,9,1.02337,1,8,1,1,0,3,2354,5,8,1,6,0,1.05777,0,1
250,,mystery/prob23,linear,,False,,False,,,,,,,,,,,,,,,,,,,
23,,mystery/prob23,relaxed,,False,,False,,,,,,,,,,,,,,,,,,,
0,1,mystery/prob28,goal_chains,0.00900465,True,0.0154736,False,True,0,10,0.000162234,2,8,0,2,0,1,67,3,8,0,8,0,0.000276515,0,0
0,4,mystery/prob28,linear,0.0241103,True,0.0308847,False,True,,,,,,,,,,,,,,,,,,
0,2,mystery/prob28,relaxed,0.0140555,True,0.0225103,False,True,,,,,,,,,,,,,,,,,,
0,8,nomystery-opt11-strips/p06,goal_chains,4.42139,True,4.50346,False,True,0,48,0.000397433,8,23,3,8,0,5,59,2,40,3,16,0,0.000887537,0,6
0,9,nomystery-opt11-strips/p06,linear,4.87056,True,4.95355,False,True,,,,,,,,,,,,,,,,,,
0,8,nomystery-opt11-strips/p06,relaxed,6.14246,True,6.21774,False,True,,,,,,,,,,,,,,,,,,
0,6,nomystery-opt11-strips/p07,goal_chains,2.94486,True,3.02949,False,True,0,56,0.000460003,9,28,2,9,0,5,75,2,47,2,23,0,0.000938967,0,5
0,10,nomystery-opt11-strips/p07,linear,14.2374,True,14.3302,False,True,,,,,,,,,,,,,,,,,,
0,9,nomystery-opt11-strips/p07,relaxed,18.9568,True,19.0489,False,True,,,,,,,,,,,,,,,,,,
0,8,nomystery-opt11-strips/p08,goal_chains,5.69434,True,5.80264,False,True,0,63,0.000550277,10,30,1,10,0,16,91,2,53,1,15,0,0.00303917,0,9
0,11,nomystery-opt11-strips/p08,linear,24.2841,True,24.3784,False,True,,,,,,,,,,,,,,,,,,
0,11,nomystery-opt11-strips/p08,relaxed,24.1945,True,24.2936,False,True,,,,,,,,,,,,,,,,,,
0,9,nomystery-opt11-strips/p09,goal_chains,18.9414,True,19.126,False,True,0,65,0.000760273,11,33,3,11,0,7,114,2,54,3,23,0,0.00157558,0,9
0,11,nomystery-opt11-strips/p09,linear,31.3319,True,31.494,False,True,,,,,,,,,,,,,,,,,,
0,10,nomystery-opt11-strips/p09,relaxed,29.4937,True,29.6818,False,True,,,,,,,,,,,,,,,,,,
0,8,nomystery-opt11-strips/p10,goal_chains,8.11854,True,8.2315,False,True,0,65,0.000609427,12,33,4,12,0,8,136,2,52,4,19,0,0.00146716,0,8
0,12,nomystery-opt11-strips/p10,linear,60.4294,True,60.5392,False,True,,,,,,,,,,,,,,,,,,
0,11,nomystery-opt11-strips/p10,relaxed,44.0572,True,44.1834,False,True,,,,,,,,,,,,,,,,,,
0,5,nomystery-opt11-strips/p11,goal_chains,0.0972776,True,0.103257,False,True,0,12,5.6441e-05,3,11,0,3,0,1,7,2,9,0,11,0,0.000104939,0,0
0,5,nomystery-opt11-strips/p11,linear,0.0154889,True,0.0193242,False,True,,,,,,,,,,,,,,,,,,
0,5,nomystery-opt11-strips/p11,relaxed,0.125413,True,0.129565,False,True,,,,,,,,,,,,,,,,,,
0,9,nomystery-opt11-strips/p19,goal_chains,25.3686,True,25.4941,False,True,0,65,0.000683053,11,33,3,11,0,7,114,2,54,3,23,0,0.00147626,0,9
0,13,nomystery-opt11-strips/p19,linear,119.135,True,119.243,False,True,,,,,,,,,,,,,,,,,,
0,11,nomystery-opt11-strips/p19,relaxed,74.7845,True,74.8949,False,True,,,,,,,,,,,,,,,,,,
0,5,nomystery-sat11-strips/p01,goal_chains,0.370641,True,0.387103,False,True,0,28,0.000167365,6,18,1,6,0,4,27,2,22,1,15,0,0.000410329,0,4
0,6,nomystery-sat11-strips/p01,linear,0.320422,True,0.337307,False,True,,,,,,,,,,,,,,,,,,
0,5,nomystery-sat11-strips/p01,relaxed,0.306248,True,0.322911,False,True,,,,,,,,,,,,,,,,,,
0,4,nomystery-sat11-strips/p02,goal_chains,0.0860785,True,0.108073,False,True,0,34,0.000206192,7,19,2,7,0,8,38,2,27,2,11,0,0.000602876,0,5
0,6,nomystery-sat11-strips/p02,linear,0.367609,True,0.388519,False,True,,,,,,,,,,,,,,,,,,
0,6,nomystery-sat11-strips/p02,relaxed,0.471583,True,0.490714,False,True,,,,,,,,,,,,,,,,,,
0,8,nomystery-sat11-strips/p05,goal_chains,5.57496,True,5.68815,False,True,0,64,0.000624698,10,30,1,10,0,15,83,2,54,1,16,0,0.00171375,0,6
0,11,nomystery-sat11-strips/p05,linear,18.6088,True,18.7141,False,True,,,,,,,,,,,,,,,,,,
0,10,nomystery-sat11-strips/p05,relaxed,19.3798,True,19.4866,False,True,,,,,,,,,,,,,,,,,,
0,8,nomystery-sat11-strips/p07,goal_chains,9.41693,True,9.58766,False,True,0,70,0.000927772,12,35,3,12,0,7,124,2,58,3,25,0,0.00194707,0,9
0,12,nomystery-sat11-strips/p07,linear,46.284,True,46.4574,False,True,,,,,,,,,,,,,,,,,,
0,11,nomystery-sat11-strips/p07,relaxed,69.4348,True,69.6124,False,True,,,,,,,,,,,,,,,,,,
0,9,nomystery-sat11-strips/p08,goal_chains,13.3226,True,13.4515,False,True,0,69,0.000690312,13,35,4,13,0,8,147,2,55,4,21,0,0.00161213,0,8
0,11,nomystery-sat11-strips/p08,linear,37.1294,True,37.2585,False,True,,,,,,,,,,,,,,,,,,
0,11,nomystery-sat11-strips/p08,relaxed,37.242,True,37.3601,False,True,,,,,,,,,,,,,,,,,,
0,5,nomystery-sat11-strips/p12,goal_chains,0.150639,True,0.167185,False,True,0,34,0.000169559,7,19,2,7,0,8,38,2,27,2,11,0,0.000543265,0,5
0,7,nomystery-sat11-strips/p12,linear,1.19374,True,1.21022,False,True,,,,,,,,,,,,,,,,,,
0,6,nomystery-sat11-strips/p12,relaxed,0.511872,True,0.527248,False,True,,,,,,,,,,,,,,,,,,
0,8,nomystery-sat11-strips/p14,goal_chains,7.98733,True,8.04332,False,True,0,54,0.0004167,9,25,3,9,0,5,66,2,45,3,18,0,0.000887283,0,6
0,9,nomystery-sat11-strips/p14,linear,7.85852,True,7.91597,False,True,,,,,,,,,,,,,,,,,,
0,9,nomystery-sat11-strips/p14,relaxed,15.4051,True,15.4647,False,True,,,,,,,,,,,,,,,,,,
0,9,nomystery-sat11-strips/p15,goal_chains,27.5766,True,27.6484,False,True,0,64,0.000480738,10,30,1,10,0,15,83,2,54,1,16,0,0.00141446,0,6
0,11,nomystery-sat11-strips/p15,linear,30.0671,True,30.1437,False,True,,,,,,,,,,,,,,,,,,
0,10,nomystery-sat11-strips/p15,relaxed,26.0709,True,26.1504,False,True,,,,,,,,,,,,,,,,,,
0,10,nomystery-sat11-strips/p18,goal_chains,56.5831,True,56.6669,False,True,0,69,0.000584817,13,35,4,13,0,8,147,2,55,4,21,0,0.00146346,0,8
0,13,nomystery-sat11-strips/p18,linear,368.118,True,368.213,False,True,,,,,,,,,,,,,,,,,,
0,11,nomystery-sat11-strips/p18,relaxed,42.0941,True,42.1851,False,True,,,,,,,,,,,,,,,,,,
0,3,openstacks-opt08-strips/p04,goal_chains,0.0156801,True,0.0228455,False,True,0,34,0.000200739,8,25,0,8,0,1,0,3.25,26,0,25,0,0.000277261,0,0
0,5,openstacks-opt08-strips/p04,linear,0.0409524,True,0.0481774,False,True,,,,,,,,,,,,,,,,,,
0,4,openstacks-opt08-strips/p04,relaxed,0.0971369,True,0.103087,False,True,,,,,,,,,,,,,,,,,,
0,4,openstacks-opt08-strips/p11,goal_chains,1.29028,True,1.31186,False,True,0,69,0.000750294,15,46,0,15,0,1,0,3.6,54,0,46,0,0.000939493,0,0
0,7,openstacks-opt08-strips/p11,linear,15.3346,True,15.3574,False,True,,,,,,,,,,,,,,,,,,
0,6,openstacks-opt08-strips/p11,relaxed,46.5773,True,46.6006,False,True,,,,,,,,,,,,,,,,,,
0,4,openstacks-opt08-strips/p12,goal_chains,0.804991,True,0.820606,False,True,0,73,0.00115134,16,49,0,16,0,1,0,3.5625,57,0,49,0,0.00146636,0,0
0,7,openstacks-opt08-strips/p12,linear,23.9323,True,23.9462,False,True,,,,,,,,,,,,,,,,,,
0,6,openstacks-opt08-strips/p12,relaxed,62.9665,True,62.9803,False,True,,,,,,,,,,,,,,,,,,
0,5,openstacks-opt08-strips/p13,goal_chains,5.97433,True,6.06096,False,True,0,77,0.00149504,17,52,0,17,0,1,0,3.52941,60,0,52,0,0.00180679,0,0
0,7,openstacks-opt08-strips/p13,linear,37.1826,True,37.2436,False,True,,,,,,,,,,,,,,,,,,
0,6,openstacks-opt08-strips/p13,relaxed,130.504,True,130.575,False,True,,,,,,,,,,,,,,,,,,
0,4,openstacks-opt08-strips/p14,goal_chains,3.09047,True,3.12335,False,True,0,84,0.00155468,18,55,0,18,0,1,0,3.66667,66,0,55,0,0.001845,0,0
0,7,openstacks-opt08-strips/p14,linear,35.452,True,35.4869,False,True,,,,,,,,,,,,,,,,,,
0,6,openstacks-opt08-strips/p14,relaxed,78.8122,True,78.8441,False,True,,,,,,,,,,,,,,,,,,
0,5,openstacks-opt08-strips/p15,goal_chains,14.6015,True,14.6867,False,True,0,86,0.00133323,19,58,0,19,0,1,0,3.52632,67,0,58,0,0.00157668,0,0
0,7,openstacks-opt08-strips/p15,linear,45.6068,True,45.7276,False,True,,,,,,,,,,,,,,,,,,
0,6,openstacks-opt08-strips/p15,relaxed,172.461,True,172.561,False,True,,,,,,,,,,,,,,,,,,
0,5,openstacks-opt08-strips/p16,goal_chains,7.29314,True,7.40488,False,True,0,94,0.00213617,20,61,1,20,0,6,0,3.7,74,1,56,0,0.00267503,0,1
23,,openstacks-opt08-strips/p16,linear,,False,,False,,,,,,,,,,,,,,,,,,,
23,,openstacks-opt08-strips/p16,relaxed,,False,,False,,,,,,,,,,,,,,,,,,,
0,3,parcprinter-08-strips/p04,goal_chains,0.0166192,True,0.037589,False,True,0,79,0.000843562,12,33,2,12,0,16,27,4.75,67,2,16,0,0.00242916,0,8
0,5,parcprinter-08-strips/p04,linear,0.0251829,True,0.045156,False,True,,,,,,,,,,,,,,,,,,
0,2,parcprinter-08-strips/p04,relaxed,0.0106257,True,0.0305676,False,True,,,,,,,,,,,,,,,,,,
0,3,parcprinter-08-strips/p07,goal_chains,0.0320595,True,0.128625,False,True,0,142,0.00203586,21,60,3,21,0,24,48,5,121,3,31,0,0.00806021,0,16
0,5,parcprinter-08-strips/p07,linear,0.0421715,True,0.129146,False,True,,,,,,,,,,,,,,,,,,
0,2,parcprinter-08-strips/p07,relaxed,0.0195172,True,0.106443,False,True,,,,,,,,,,,,,,,,,,
0,4,parcprinter-08-strips/p09,goal_chains,0.048762,True,0.197976,False,True,0,188,0.00182888,27,70,6,27,0,17,62,4.62963,161,6,43,0,0.00498002,0,20
0,5,parcprinter-08-strips/p09,linear,0.0505748,True,0.189355,False,True,,,,,,,,,,,,,,,,,,
0,2,parcprinter-08-strips/p09,relaxed,0.0217719,True,0.186225,False,True,,,,,,,,,,,,,,,,,,
0,3,parcprinter-08-strips/p10,goal_chains,0.0365193,True,0.243427,False,True,0,211,0.00199872,30,75,8,30,0,11,69,4.5,181,8,53,0,0.00587398,0,21
0,6,parcprinter-08-strips/p10,linear,0.0879464,True,0.278544,False,True,,,,,,,,,,,,,,,,,,
0,2,parcprinter-08-strips/p10,relaxed,0.0233963,True,0.223484,False,True,,,,,,,,,,,,,,,,,,
0,2,parcprinter-08-strips/p14,goal_chains,0.0261909,True,0.0652176,False,True,0,84,0.00173643,12,35,0,12,0,1,50,5.91667,72,0,35,0,0.00235542,0,0
0,3,parcprinter-08-strips/p14,linear,0.0333615,True,0.0710596,False,True,,,,,,,,,,,,,,,,,,
0,2,parcprinter-08-strips/p14,relaxed,0.0344887,True,0.0700773,False,True,,,,,,,,,,,,,,,,,,
0,5,parcprinter-08-strips/p20,goal_chains,0.717266,True,1.16428,False,True,0,224,0.00608461,31,87,0,31,0,1,128,6.03226,193,0,87,0,0.0117374,0,0
0,7,parcprinter-08-strips/p20,linear,1.3268,True,1.75836,False,True,,,,,,,,,,,,,,,,,,
0,4,parcprinter-08-strips/p20,relaxed,0.760872,True,1.18249,False,True,,,,,,,,,,,,,,,,,,
0,2,parcprinter-08-strips/p28,goal_chains,0.0206278,True,0.112753,False,True,0,185,0.00129051,24,49,5,24,0,13,34,4.70833,161,5,21,0,0.00489094,0,29
0,4,parcprinter-08-strips/p28,linear,0.026524,True,0.109623,False,True,,,,,,,,,,,,,,,,,,
0,3,parcprinter-08-strips/p28,relaxed,0.026329,True,0.11653,False,True,,,,,,,,,,,,,,,,,,
0,2,pathways-noneg/p04,goal_chains,0.00859665,True,0.0657213,False,True,0,8,0.000135564,4,8,0,4,0,1,87,3,4,0,8,0,0.000857813,0,0
0,4,pathways-noneg/p04,linear,0.017323,True,0.0736738,False,True,,,,,,,,,,,,,,,,,,
0,2,pathways-noneg/p04,relaxed,0.0090541,True,0.0684945,False,True,,,,,,,,,,,,,,,,,,
0,4,pathways-noneg/p10,goal_chains,0.0976115,True,1.67879,False,True,0,28,0.000537367,14,28,0,14,0,1,265,3,14,0,28,0,0.0114085,0,0
0,7,pathways-noneg/p10,linear,0.454683,True,2.00413,False,True,,,,,,,,,,,,,,,,,,
0,3,pathways-noneg/p10,relaxed,0.122152,True,1.72295,False,True,,,,,,,,,,,,,,,,,,
23,,pathways-noneg/p14,goal_chains,,False,,False,,0,36,0.00079965,18,36,0,18,0,1,292,3,18,0,36,0,0.0138456,0,0
23,,pathways-noneg/p14,linear,,False,,False,,,,,,,,,,,,,,,,,,,
0,5,pathways-noneg/p14,relaxed,216.628,True,219.255,False,True,,,,,,,,,,,,,,,,,,
0,6,pathways-noneg/p25,goal_chains,2.84766,True,45.4727,False,True,0,66,0.00228181,33,66,0,33,0,1,592,3,33,0,66,0,0.0738181,0,0
0,9,pathways-noneg/p25,linear,5.20087,True,47.9438,False,True,,,,,,,,,,,,,,,,,,
0,5,pathways-noneg/p25,relaxed,2.44292,True,49.2826,False,True,,,,,,,,,,,,,,,,,,
0,6,pathways-noneg/p26,goal_chains,3.8843,True,42.0445,False,True,0,68,0.00260996,34,68,0,34,0,1,617,3,34,0,68,0,0.0913787,0,0
0,9,pathways-noneg/p26,linear,9.18798,True,47.5761,False,True,,,,,,,,,,,,,,,,,,
0,6,pathways-noneg/p26,relaxed,10.2342,True,49.5725,False,True,,,,,,,,,,,,,,,,,,
0,5,pathways-noneg/p28,goal_chains,1.75127,True,47.87,False,True,0,74,0.00276401,37,74,0,37,0,1,617,3,37,0,74,0,0.0884617,0,0
0,9,pathways-noneg/p28,linear,5.52029,True,52.198,False,True,,,,,,,,,,,,,,,,,,
0,5,pathways-noneg/p28,relaxed,2.46697,True,53.0518,False,True,,,,,,,,,,,,,,,,,,
0,7,pathways-noneg/p29,goal_chains,492.216,True,518.575,False,True,0,78,0.00261983,39,78,0,39,0,1,519,3,39,0,78,0,0.0510281,0,0
0,9,pathways-noneg/p29,linear,8.33694,True,33.8371,False,True,,,,,,,,,,,,,,,,,,
23,,pathways-noneg/p29,relaxed,,False,,False,,,,,,,,,,,,,,,,,,,
0,6,pathways/p26,goal_chains,6.7826,True,22.0757,False,True,0,68,0.00256215,34,68,0,34,0,1,619,3,34,0,68,0,0.0860332,0,0
0,9,pathways/p26,linear,9.11858,True,25.7735,False,True,,,,,,,,,,,,,,,,,,
0,6,pathways/p26,relaxed,11.7053,True,29.5124,False,True,,,,,,,,,,,,,,,,,,
0,3,pegsol-08-strips/p22,goal_chains,0.0319759,True,0.0654743,False,True,0,94,0.00442323,33,31,2,33,0,17,46,6.45455,61,2,11,0,0.00651246,0,6
0,2,pegsol-08-strips/p22,linear,0.0126209,True,0.0471553,False,True,,,,,,,,,,,,,,,,,,
0,4,pegsol-08-strips/p22,relaxed,0.184014,True,0.217376,False,True,,,,,,,,,,,,,,,,,,
0,2,pipesworld-notankage/p06-net1-b10-g6,goal_chains,2.70544,True,2.85642,False,True,18,25,1.35869,6,19,0,6,0,1,349,28.5,19,0,19,0,1.36189,0,0
0,3,pipesworld-notankage/p06-net1-b10-g6,linear,0.867887,True,1.01096,False,True,,,,,,,,,,,,,,,,,,
0,2,pipesworld-notankage/p06-net1-b10-g6,relaxed,1.49115,True,1.66141,False,True,,,,,,,,,,,,,,,,,,
0,4,pipesworld-notankage/p11-net2-b10-g2,goal_chains,34.9498,True,36.9104,False,True,0,8,0.0572857,2,7,1,2,0,2,793,22,6,1,6,0,0.0921491,0,1
0,7,pipesworld-notankage/p11-net2-b10-g2,linear,14.5724,True,16.1849,False,True,,,,,,,,,,,,,,,,,,
0,4,pipesworld-notankage/p11-net2-b10-g2,relaxed,22.4159,True,24.1629,False,True,,,,,,,,,,,,,,,,,,
0,3,psr-small/p06-s10-n1-l4-f50,goal_chains,0.00466926,True,0.00800929,False,True,0,7,3.6267e-05,3,3,0,3,0,1,7,4,4,0,3,0,6.3311e-05,0,0
0,3,psr-small/p06-s10-n1-l4-f50,linear,0.00564516,True,0.00876219,False,True,,,,,,,,,,,,,,,,,,
0,3,psr-small/p06-s10-n1-l4-f50,relaxed,0.00466205,True,0.0074106,False,True,,,,,,,,,,,,,,,,,,
0,5,psr-small/p11-s18-n2-l2-f50,goal_chains,0.0126247,True,0.0159009,False,True,0,23,0.000122676,5,7,0,5,0,1,17,5.8,18,0,7,0,0.000171685,0,0
0,5,psr-small/p11-s18-n2-l2-f50,linear,0.0102681,True,0.0138807,False,True,,,,,,,,,,,,,,,,,,
0,6,psr-small/p11-s18-n2-l2-f50,relaxed,0.0147833,True,0.0168402,False,True,,,,,,,,,,,,,,,,,,
0,6,psr-small/p12-s21-n2-l3-f30,goal_chains,0.0199405,True,0.0234564,False,True,0,26,0.000122747,6,5,1,6,0,3,18,5.33333,20,1,3,0,0.000371595,0,6
0,6,psr-small/p12-s21-n2-l3-f30,linear,0.0175632,True,0.0211494,False,True,,,,,,,,,,,,,,,,,,
0,7,psr-small/p12-s21-n2-l3-f30,relaxed,0.0263153,True,0.0302872,False,True,,,,,,,,,,,,,,,,,,
0,7,psr-small/p16-s29-n2-l5-f30,goal_chains,0.108443,True,0.11649,False,True,0,5,0.00014417,1,4,1,2,0,2,51,20,4,1,3,0,0.000307441,0,1
0,6,psr-small/p16-s29-n2-l5-f30,linear,0.0498097,True,0.0577111,False,True,,,,,,,,,,,,,,,,,,
0,6,psr-small/p16-s29-n2-l5-f30,relaxed,0.0546661,True,0.061527,False,True,,,,,,,,,,,,,,,,,,
0,3,psr-small/p23-s38-n3-l3-f50,goal_chains,0.00788844,True,0.0128729,False,True,0,34,0.000205492,8,6,0,8,0,1,28,6.25,26,0,6,0,0.000268608,0,0
0,3,psr-small/p23-s38-n3-l3-f50,linear,0.00708702,True,0.01088,False,True,,,,,,,,,,,,,,,,,,
0,3,psr-small/p23-s38-n3-l3-f50,relaxed,0.00639414,True,0.0103208,False,True,,,,,,,,,,,,,,,,,,
0,6,psr-small/p26-s41-n3-l4-f30,goal_chains,0.0243086,True,0.0271351,False,True,0,37,0.000212695,7,6,1,7,0,4,20,6.14286,30,1,3,0,0.000525816,0,7
0,6,psr-small/p26-s41-n3-l4-f30,linear,0.0288606,True,0.0326619,False,True,,,,,,,,,,,,,,,,,,
0,7,psr-small/p26-s41-n3-l4-f30,relaxed,0.0302831,True,0.0337354,False,True,,,,,,,,,,,,,,,,,,
0,6,psr-small/p32-s50-n4-l2-f50,goal_chains,0.027178,True,0.031269,False,True,0,46,0.000350252,7,9,1,7,0,5,25,7.57143,39,1,5,0,0.000681368,0,7
0,5,psr-small/p32-s50-n4-l2-f50,linear,0.0161444,True,0.0215122,False,True,,,,,,,,,,,,,,,,,,
0,6,psr-small/p32-s50-n4-l2-f50,relaxed,0.019645,True,0.02522,False,True,,,,,,,,,,,,,,,,,,
0,6,psr-small/p33-s51-n4-l2-f70,goal_chains,0.051117,True,0.0606913,False,True,0,6,0.000226336,1,6,0,2,0,1,61,25,5,0,6,0,0.000353172,0,0
0,7,psr-small/p33-s51-n4-l2-f70,linear,0.139672,True,0.149411,False,True,,,,,,,,,,,,,,,,,,
0,6,psr-small/p33-s51-n4-l2-f70,relaxed,0.0692728,True,0.07804,False,True,,,,,,,,,,,,,,,,,,
0,5,psr-small/p34-s55-n4-l3-f70,goal_chains,0.0172878,True,0.0221542,False,True,0,45,0.000312376,7,9,0,7,0,1,21,7.28571,38,0,9,0,0.000377994,0,0
0,5,psr-small/p34-s55-n4-l3-f70,linear,0.0124366,True,0.0171136,False,True,,,,,,,,,,,,,,,,,,
0,6,psr-small/p34-s55-n4-l3-f70,relaxed,0.0183555,True,0.0236652,False,True,,,,,,,,,,,,,,,,,,
0,5,psr-small/p45-s94-n4-l3-f50,goal_chains,0.0227164,True,0.0265462,False,True,0,51,0.000377685,8,9,0,8,0,1,25,7.375,43,0,9,0,0.000446697,0,0
0,6,psr-small/p45-s94-n4-l3-f50,linear,0.0350507,True,0.0399995,False,True,,,,,,,,,,,,,,,,,,
0,7,psr-small/p45-s94-n4-l3-f50,relaxed,0.0405296,True,0.0457005,False,True,,,,,,,,,,,,,,,,,,
0,14,psr-small/p46-s97-n5-l2-f30,goal_chains,4.80112,True,4.81238,False,True,0,9,0.000440278,1,7,1,2,0,3,61,31,8,1,5,0,0.000728997,0,2
0,11,psr-small/p46-s97-n5-l2-f30,linear,1.78097,True,1.7926,False,True,,,,,,,,,,,,,,,,,,
0,13,psr-small/p46-s97-n5-l2-f30,relaxed,2.84076,True,2.85294,False,True,,,,,,,,,,,,,,,,,,
0,8,psr-small/p47-s98-n5-l2-f50,goal_chains,0.488294,True,0.495218,False,True,0,81,0.000725483,11,10,1,11,0,8,39,8.54545,70,1,3,0,0.00163319,0,11
0,6,psr-small/p47-s98-n5-l2-f50,linear,0.0506145,True,0.0571626,False,True,,,,,,,,,,,,,,,,,,
0,9,psr-small/p47-s98-n5-l2-f50,relaxed,0.360103,True,0.367996,False,True,,,,,,,,,,,,,,,,,,
0,8,psr-small/p48-s101-n5-l3-f30,goal_chains,1.78822,True,1.81809,False,True,0,147,0.00252736,19,16,1,19,0,4,98,9,128,1,13,0,0.00302337,0,3
0,10,psr-small/p48-s101-n5-l3-f30,linear,1.75187,True,1.78546,False,True,,,,,,,,,,,,,,,,,,
0,11,psr-small/p48-s101-n5-l3-f30,relaxed,3.27543,True,3.30659,False,True,,,,,,,,,,,,,,,,,,
0,14,psr-small/p49-s105-n6-l2-f30,goal_chains,14.8399,True,14.8723,False,True,5,207,0.0816866,21,17,1,21,0,14,110,10,186,1,4,0,0.089356,0,47
0,12,psr-small/p49-s105-n6-l2-f30,linear,5.55378,True,5.5831,False,True,,,,,,,,,,,,,,,,,,
0,14,psr-small/p49-s105-n6-l2-f30,relaxed,12.1634,True,12.1925,False,True,,,,,,,,,,,,,,,,,,
0,5,psr-small/p50-s107-n6-l2-f70,goal_chains,0.0335703,True,0.0413982,False,True,0,83,0.00131911,10,11,0,10,0,1,32,9.1,73,0,11,0,0.00147648,0,0
0,4,psr-small/p50-s107-n6-l2-f70,linear,0.0149668,True,0.0209847,False,True,,,,,,,,,,,,,,,,,,
0,6,psr-small/p50-s107-n6-l2-f70,relaxed,0.0260524,True,0.0335231,False,True,,,,,,,,,,,,,,,,,,
0,2,rovers/p05,goal_chains,0.00416616,True,0.017126,False,True,0,8,2.0131e-05,4,8,0,4,0,1,3,2,4,0,8,0,5.0816e-05,0,0
0,2,rovers/p05,linear,0.00417178,True,0.0171523,False,True,,,,,,,,,,,,,,,,,,
0,2,rovers/p05,relaxed,0.00417079,True,0.0170063,False,True,,,,,,,,,,,,,,,,,,
0,4,rovers/p27,goal_chains,0.402007,True,5.10903,False,True,0,32,0.000171425,16,32,0,16,0,1,154,2,16,0,32,0,0.000812618,0,0
0,3,rovers/p27,linear,0.0936121,True,4.81558,False,True,,,,,,,,,,,,,,,,,,
0,3,rovers/p27,relaxed,0.138891,True,4.71685,False,True,,,,,,,,,,,,,,,,,,
0,3,rovers/p28,goal_chains,0.0746153,True,11.843,False,True,0,28,0.000193199,14,28,0,14,0,1,190,2,14,0,28,0,0.000920416,0,0
0,2,rovers/p28,linear,0.0802545,True,10.2187,False,True,,,,,,,,,,,,,,,,,,
0,2,rovers/p28,relaxed,0.16271,True,12.3273,False,True,,,,,,,,,,,,,,,,,,
0,2,rovers/p29,goal_chains,0.0555493,True,17.7439,False,True,0,20,0.000211992,10,20,0,10,0,1,247,2,10,0,20,0,0.00125026,0,0
0,2,rovers/p29,linear,0.0193107,True,16.8974,False,True,,,,,,,,,,,,,,,,,,
0,2,rovers/p29,relaxed,0.0792003,True,17.1038,False,True,,,,,,,,,,,,,,,,,,
0,3,rovers/p30,goal_chains,0.633681,True,26.835,False,True,0,38,0.000324308,19,38,0,19,0,1,321,2,19,0,38,0,0.00210361,0,0
0,3,rovers/p30,linear,19.4232,True,42.3681,False,True,,,,,,,,,,,,,,,,,,
0,3,rovers/p30,relaxed,140.624,True,165.496,False,True,,,,,,,,,,,,,,,,,,
0,4,rovers/p31,goal_chains,1.49615,True,17.6228,False,True,0,38,0.000359193,19,38,0,19,0,1,297,2,19,0,38,0,0.00209066,0,0
0,3,rovers/p31,linear,0.538584,True,14.8013,False,True,,,,,,,,,,,,,,,,,,
0,3,rovers/p31,relaxed,0.716168,True,17.4016,False,True,,,,,,,,,,,,,,,,,,
23,,rovers/p37,goal_chains,,False,,False,,0,92,0.00157544,46,92,0,46,0,1,549,2,46,0,92,0,0.0115031,0,0
23,,rovers/p37,linear,,False,,False,,,,,,,,,,,,,,,,,,,
23,,rovers/p37,relaxed,,False,,False,,,,,,,,,,,,,,,,,,,
0,1,satellite/p04-pfile4,goal_chains,0.00511411,True,0.0128896,False,True,0,21,7.8821e-05,7,11,0,7,0,1,14,5.57143,14,0,11,0,0.00012536,0,0
0,2,satellite/p04-pfile4,linear,0.0049729,True,0.0151354,False,True,,,,,,,,,,,,,,,,,,
0,1,satellite/p04-pfile4,relaxed,0.00439592,True,0.0145393,False,True,,,,,,,,,,,,,,,,,,
0,1,satellite/p22-HC-pfile2,goal_chains,0.0103186,True,5.25203,False,True,0,129,0.00186418,43,49,0,43,0,1,256,13.7907,86,0,49,0,0.00292143,0,0
0,2,satellite/p22-HC-pfile2,linear,0.00888492,True,4.91818,False,True,,,,,,,,,,,,,,,,,,
0,1,satellite/p22-HC-pfile2,relaxed,0.00893141,True,6.5798,False,True,,,,,,,,,,,,,,,,,,
0,1,satellite/p23-HC-pfile3,goal_chains,0.023016,True,20.4527,False,True,0,141,0.00705859,47,53,0,47,0,1,521,23.1277,94,0,53,0,0.012612,0,0
0,2,satellite/p23-HC-pfile3,linear,0.0140542,True,15.3747,False,True,,,,,,,,,,,,,,,,,,
0,1,satellite/p23-HC-pfile3,relaxed,0.0139395,True,16.3289,False,True,,,,,,,,,,,,,,,,,,
0,1,satellite/p24-HC-pfile4,goal_chains,0.0310666,True,32.9631,False,True,0,198,0.0098523,66,68,0,66,0,1,745,24.2727,132,0,68,0,0.017831,0,0
0,2,satellite/p24-HC-pfile4,linear,0.0169347,True,31.7326,False,True,,,,,,,,,,,,,,,,,,
0,1,satellite/p24-HC-pfile4,relaxed,0.0194613,True,34.143,False,True,,,,,,,,,,,,,,,,,,
0,1,satellite/p25-HC-pfile5,goal_chains,0.0332985,True,59.9453,False,True,0,180,0.0125616,60,62,0,60,0,1,849,29.6667,120,0,62,0,0.0192711,0,0
0,2,satellite/p25-HC-pfile5,linear,0.0167112,True,54.8687,False,True,,,,,,,,,,,,,,,,,,
0,1,satellite/p25-HC-pfile5,relaxed,0.0214414,True,64.993,False,True,,,,,,,,,,,,,,,,,,
0,1,satellite/p26-HC-pfile6,goal_chains,0.0311548,True,63.9222,False,True,0,192,0.00991167,64,68,0,64,0,1,693,22.9062,128,0,68,0,0.0171051,0,0
0,2,satellite/p26-HC-pfile6,linear,0.0154798,True,63.724,False,True,,,,,,,,,,,,,,,,,,
0,1,satellite/p26-HC-pfile6,relaxed,0.0220064,True,69.4442,False,True,,,,,,,,,,,,,,,,,,
0,1,scanalyzer-08-strips/p04,goal_chains,0.886488,True,0.975884,False,True,0,16,0.0164111,8,14,0,16,0,1,882,17,8,0,14,0,0.017944,0,0
0,2,scanalyzer-08-strips/p04,linear,0.327571,True,0.426285,False,True,,,,,,,,,,,,,,,,,,
0,1,scanalyzer-08-strips/p04,relaxed,1.05003,True,1.14615,False,True,,,,,,,,,,,,,,,,,,
0,1,scanalyzer-08-strips/p05,goal_chains,0.95212,True,1.01434,False,True,0,22,0.0347894,8,20,0,16,0,1,876,17,14,0,20,0,0.0361585,0,0
0,3,scanalyzer-08-strips/p05,linear,11.3242,True,11.3779,False,True,,,,,,,,,,,,,,,,,,
0,2,scanalyzer-08-strips/p05,relaxed,4.37212,True,4.44541,False,True,,,,,,,,,,,,,,,,,,
0,1,scanalyzer-08-strips/p07,goal_chains,8.37183,True,8.72447,False,True,0,20,0.0791426,10,18,0,20,0,1,2232,21,10,0,18,0,0.084163,0,0
0,2,scanalyzer-08-strips/p07,linear,9.77612,True,10.1453,False,True,,,,,,,,,,,,,,,,,,
0,1,scanalyzer-08-strips/p07,relaxed,8.17723,True,8.52171,False,True,,,,,,,,,,,,,,,,,,
0,2,scanalyzer-08-strips/p11,goal_chains,147.426,True,148.076,False,True,6,34,3.7798,12,32,0,24,0,1,4720,23.8333,22,0,32,0,3.79283,0,0
0,2,scanalyzer-08-strips/p11,linear,114.815,True,115.454,False,True,,,,,,,,,,,,,,,,,,
0,2,scanalyzer-08-strips/p11,relaxed,92.9636,True,93.7271,False,True,,,,,,,,,,,,,,,,,,
0,3,schedule/probschedule-10-2,goal_chains,0.047125,True,0.298337,False,True,0,10,0.0012313,10,10,0,10,0,1,171,8.9,0,0,10,0,0.00267591,0,0
0,2,schedule/probschedule-10-2,linear,0.0218812,True,0.260152,False,True,,,,,,,,,,,,,,,,,,
0,3,schedule/probschedule-10-2,relaxed,0.0638154,True,0.327713,False,True,,,,,,,,,,,,,,,,,,
0,3,schedule/probschedule-12-2,goal_chains,0.0623366,True,0.569783,False,True,0,12,0.00140064,12,12,0,12,0,1,205,9.91667,0,0,12,0,0.00325521,0,0
0,2,schedule/probschedule-12-2,linear,0.0502959,True,0.576574,False,True,,,,,,,,,,,,,,,,,,
0,3,schedule/probschedule-12-2,relaxed,0.173106,True,0.705097,False,True,,,,,,,,,,,,,,,,,,
0,3,schedule/probschedule-13-0,goal_chains,0.0621856,True,0.67649,False,True,0,13,0.00158091,13,13,0,13,0,1,222,10.3077,0,0,13,0,0.00370913,0,0
0,2,schedule/probschedule-13-0,linear,0.0495595,True,0.727252,False,True,,,,,,,,,,,,,,,,,,
0,3,schedule/probschedule-13-0,relaxed,0.0671446,True,0.652656,False,True,,,,,,,,,,,,,,,,,,
0,2,schedule/probschedule-3-0,goal_chains,0.00890159,True,0.0221284,False,True,0,3,0.00020162,3,3,0,3,0,1,52,12.6667,0,0,3,0,0.00035263,0,0
0,1,schedule/probschedule-3-0,linear,0.00622063,True,0.0200838,False,True,,,,,,,,,,,,,,,,,,
0,2,schedule/probschedule-3-0,relaxed,0.00968757,True,0.0228882,False,True,,,,,,,,,,,,,,,,,,
0,2,schedule/probschedule-3-2,goal_chains,0.00726508,True,0.0207566,False,True,0,3,0.000144453,3,3,0,3,0,1,52,10.3333,0,0,3,0,0.000263014,0,0
0,1,schedule/probschedule-3-2,linear,0.00666853,True,0.0205728,False,True,,,,,,,,,,,,,,,,,,
0,2,schedule/probschedule-3-2,relaxed,0.00845049,True,0.0220099,False,True,,,,,,,,,,,,,,,,,,
0,2,schedule/probschedule-4-0,goal_chains,0.0119202,True,0.0310937,False,True,0,4,0.000206475,4,4,0,4,0,1,69,8.75,0,0,4,0,0.000396531,0,0
0,1,schedule/probschedule-4-0,linear,0.00751722,True,0.0261569,False,True,,,,,,,,,,,,,,,,,,
0,2,schedule/probschedule-4-0,relaxed,0.0133593,True,0.0329668,False,True,,,,,,,,,,,,,,,,,,
0,2,schedule/probschedule-4-2,goal_chains,0.00896778,True,0.025734,False,True,0,4,0.000178287,4,4,0,4,0,1,69,7.75,0,0,4,0,0.000350333,0,0
0,1,schedule/probschedule-4-2,linear,0.00801794,True,0.0256706,False,True,,,,,,,,,,,,,,,,,,
0,2,schedule/probschedule-4-2,relaxed,0.00913442,True,0.0244193,False,True,,,,,,,,,,,,,,,,,,
0,2,schedule/probschedule-5-0,goal_chains,0.0160872,True,0.0544333,False,True,0,5,0.000278861,5,4,0,5,0,1,87,10,0,0,4,0,0.000552011,0,0
0,1,schedule/probschedule-5-0,linear,0.00807852,True,0.0497428,False,True,,,,,,,,,,,,,,,,,,
0,2,schedule/probschedule-5-0,relaxed,0.0148034,True,0.0553749,False,True,,,,,,,,,,,,,,,,,,
0,2,schedule/probschedule-5-1,goal_chains,0.0158444,True,0.0568839,False,True,0,5,0.00028555,5,5,0,5,0,1,86,10,0,0,5,0,0.000565751,0,0
0,1,schedule/probschedule-5-1,linear,0.0105154,True,0.0535875,False,True,,,,,,,,,,,,,,,,,,
0,2,schedule/probschedule-5-1,relaxed,0.0168656,True,0.058138,False,True,,,,,,,,,,,,,,,,,,
0,3,schedule/probschedule-5-2,goal_chains,0.0208249,True,0.0609511,False,True,0,5,0.000278827,5,5,0,5,0,1,86,10,0,0,5,0,0.000542662,0,0
0,2,schedule/probschedule-5-2,linear,0.0123409,True,0.0572898,False,True,,,,,,,,,,,,,,,,,,
0,3,schedule/probschedule-5-2,relaxed,0.0216978,True,0.0598478,False,True,,,,,,,,,,,,,,,,,,
0,2,storage/p04,goal_chains,0.00769242,True,0.0107713,False,True,0,8,0.000161942,2,6,0,2,0,1,32,8,6,0,6,0,0.000218309,0,0
0,4,storage/p04,linear,0.0215799,True,0.0241529,False,True,,,,,,,,,,,,,,,,,,
0,3,storage/p04,relaxed,0.0193708,True,0.0239427,False,True,,,,,,,,,,,,,,,,,,
0,3,storage/p07,goal_chains,0.0779864,True,0.084499,False,True,0,18,0.000799947,3,10,0,3,0,1,66,10,15,0,10,0,0.000965507,0,0
0,7,storage/p07,linear,0.456159,True,0.463266,False,True,,,,,,,,,,,,,,,,,,
0,5,storage/p07,relaxed,0.565514,True,0.572343,False,True,,,,,,,,,,,,,,,,,,
0,4,storage/p11,goal_chains,5.13441,True,5.17368,False,True,0,12,0.00186392,4,9,0,4,0,1,243,14,8,0,9,0,0.00248986,0,0
0,5,storage/p11,linear,3.96068,True,3.9962,False,True,,,,,,,,,,,,,,,,,,
0,5,storage/p11,relaxed,9.3504,True,9.39037,False,True,,,,,,,,,,,,,,,,,,
0,4,storage/p12,goal_chains,51.117,True,51.181,False,True,0,12,0.00348161,4,9,0,4,0,1,369,16,8,0,9,0,0.00443963,0,0
0,4,storage/p12,linear,6.71814,True,6.77613,False,True,,,,,,,,,,,,,,,,,,
0,3,storage/p12,relaxed,8.66616,True,8.73339,False,True,,,,,,,,,,,,,,,,,,
0,6,storage/p13,goal_chains,10.7634,True,10.7813,False,True,0,20,0.00108134,5,12,0,5,0,1,170,9,15,0,12,0,0.00147088,0,0
0,9,storage/p13,linear,37.7169,True,37.7339,False,True,,,,,,,,,,,,,,,,,,
0,10,storage/p13,relaxed,254.853,True,254.874,False,True,,,,,,,,,,,,,,,,,,
0,3,storage/p14,goal_chains,4.88258,True,4.97333,False,True,0,25,0.0103282,5,13,0,5,0,1,351,11,20,0,13,0,0.0117743,0,0
0,5,storage/p14,linear,13.3652,True,13.4486,False,True,,,,,,,,,,,,,,,,,,
0,4,storage/p14,relaxed,7.13864,True,7.22146,False,True,,,,,,,,,,,,,,,,,,
0,3,storage/p15,goal_chains,47.2583,True,47.3901,False,True,0,15,0.00473106,5,11,0,5,0,1,535,13,10,0,11,0,0.00716142,0,0
0,4,storage/p15,linear,38.6653,True,38.8005,False,True,,,,,,,,,,,,,,,,,,
0,3,storage/p15,relaxed,24.8571,True,25.0084,False,True,,,,,,,,,,,,,,,,,,
22,,tetris-sat14-strips/p032,goal_chains,,False,,False,,,,,,,,,,,,,,,,,,,
22,,tetris-sat14-strips/p032,linear,,False,,False,,,,,,,,,,,,,,,,,,,
22,,tetris-sat14-strips/p032,relaxed,,False,,False,,,,,,,,,,,,,,,,,,,
22,,tetris-sat14-strips/p033,goal_chains,,False,,False,,,,,,,,,,,,,,,,,,,
22,,tetris-sat14-strips/p033,linear,,False,,False,,,,,,,,,,,,,,,,,,,
22,,tetris-sat14-strips/p033,relaxed,,False,,False,,,,,,,,,,,,,,,,,,,
0,3,thoughtful-sat14-strips/bootstrap-typed-04,goal_chains,21.0145,True,23.215,False,True,0,12,0.00636748,4,10,0,4,0,1,847,11.5,8,0,10,0,0.0417067,0,0
0,7,thoughtful-sat14-strips/bootstrap-typed-04,linear,84.2504,True,86.1917,False,True,,,,,,,,,,,,,,,,,,
0,2,thoughtful-sat14-strips/bootstrap-typed-04,relaxed,10.6015,True,12.5572,False,True,,,,,,,,,,,,,,,,,,
0,2,tpp/p07,goal_chains,0.00592886,True,0.0352402,False,True,0,20,7.612e-05,7,14,1,7,0,2,24,3,9,1,13,0,0.000276184,0,1
0,4,tpp/p07,linear,0.00908746,True,0.0351858,False,True,,,,,,,,,,,,,,,,,,
0,2,tpp/p07,relaxed,0.00558733,True,0.0329501,False,True,,,,,,,,,,,,,,,,,,
0,2,tpp/p19,goal_chains,0.0552459,True,20.0308,False,True,0,62,0.00446902,14,28,1,14,0,2,258,6,20,1,27,0,0.00981748,0,3
0,4,tpp/p19,linear,0.273222,True,20.0233,False,True,,,,,,,,,,,,,,,,,,
0,2,tpp/p19,relaxed,0.0563028,True,21.1688,False,True,,,,,,,,,,,,,,,,,,
0,2,tpp/p21,goal_chains,0.0931797,True,27.3391,False,True,0,72,0.029503,11,22,3,11,0,2,261,7,21,3,19,0,0.0355317,0,5
0,3,tpp/p21,linear,0.195486,True,24.9556,False,True,,,,,,,,,,,,,,,,,,
0,2,tpp/p21,relaxed,0.0558228,True,25.3797,False,True,,,,,,,,,,,,,,,,,,
0,2,tpp/p22,goal_chains,0.0752128,True,35.1751,False,True,0,54,0.0149987,12,24,0,12,0,1,286,7,12,0,24,0,0.0214732,0,0
0,3,tpp/p22,linear,0.1294,True,34.1355,False,True,,,,,,,,,,,,,,,,,,
0,2,tpp/p22,relaxed,0.0661253,True,34.1215,False,True,,,,,,,,,,,,,,,,,,
0,2,tpp/p23,goal_chains,0.0874225,True,42.3751,False,True,0,70,0.0227114,13,26,0,13,0,1,304,7,13,0,26,0,0.02967,0,0
0,3,tpp/p23,linear,0.231755,True,43.486,False,True,,,,,,,,,,,,,,,,,,
0,2,tpp/p23,relaxed,0.0635551,True,45.559,False,True,,,,,,,,,,,,,,,,,,
0,2,tpp/p24,goal_chains,0.0979949,True,60.9915,False,True,0,70,0.0147036,14,28,1,14,0,2,322,7,16,1,27,0,0.0242461,0,1
0,3,tpp/p24,linear,0.229899,True,55.5603,False,True,,,,,,,,,,,,,,,,,,
0,2,tpp/p24,relaxed,0.0836144,True,61.8135,False,True,,,,,,,,,,,,,,,,,,
0,1,transport-opt08-strips/p04,goal_chains,0.00469422,True,0.0226879,False,True,0,10,9.7993e-05,5,10,0,5,0,1,10,3,5,0,10,0,0.000136634,0,0
0,2,transport-opt08-strips/p04,linear,0.00512374,True,0.0205489,False,True,,,,,,,,,,,,,,,,,,
0,1,transport-opt08-strips/p04,relaxed,0.00432648,True,0.0204899,False,True,,,,,,,,,,,,,,,,,,
0,1,transport-opt08-strips/p07,goal_chains,0.00887984,True,0.158445,False,True,0,16,0.000362081,8,16,0,8,0,1,32,4,8,0,16,0,0.000419973,0,0
0,2,transport-opt08-strips/p07,linear,0.00850822,True,0.148683,False,True,,,,,,,,,,,,,,,,,,
0,1,transport-opt08-strips/p07,relaxed,0.00567045,True,0.14843,False,True,,,,,,,,,,,,,,,,,,
0,1,transport-opt08-strips/p10,goal_chains,0.00783908,True,0.400792,False,True,0,22,0.000729483,11,22,0,11,0,1,44,4,11,0,22,0,0.000848286,0,0
0,3,transport-opt08-strips/p10,linear,0.210349,True,0.604804,False,True,,,,,,,,,,,,,,,,,,
0,2,transport-opt08-strips/p10,relaxed,0.225904,True,0.647691,False,True,,,,,,,,,,,,,,,,,,
0,1,transport-opt08-strips/p14,goal_chains,0.00472289,True,0.0287187,False,True,0,10,0.000105216,5,10,0,5,0,1,10,3,5,0,10,0,0.000145879,0,0
0,2,transport-opt08-strips/p14,linear,0.00543687,True,0.0268454,False,True,,,,,,,,,,,,,,,,,,
0,1,transport-opt08-strips/p14,relaxed,0.00458347,True,0.0248269,False,True,,,,,,,,,,,,,,,,,,
0,1,transport-opt08-strips/p20,goal_chains,0.00835832,True,0.591083,False,True,0,22,0.0009799,11,22,0,11,0,1,44,4,11,0,22,0,0.0011045,0,0
0,3,transport-opt08-strips/p20,linear,0.199441,True,0.741097,False,True,,,,,,,,,,,,,,,,,,
0,2,transport-opt08-strips/p20,relaxed,0.14069,True,0.754485,False,True,,,,,,,,,,,,,,,,,,
0,1,transport-opt08-strips/p28,goal_chains,0.00759802,True,0.239388,False,True,0,18,0.000591426,9,18,0,9,0,1,36,4,9,0,18,0,0.000690575,0,0
0,3,transport-opt08-strips/p28,linear,0.0554104,True,0.25203,False,True,,,,,,,,,,,,,,,,,,
0,2,transport-opt08-strips/p28,relaxed,0.0349875,True,0.242445,False,True,,,,,,,,,,,,,,,,,,
0,1,transport-sat08-strips/p05,goal_chains,0.00775784,True,0.278124,False,True,0,20,0.000773771,10,20,0,10,0,1,40,4,10,0,20,0,0.000896246,0,0
0,3,transport-sat08-strips/p05,linear,0.102711,True,0.352072,False,True,,,,,,,,,,,,,,,,,,
0,2,transport-sat08-strips/p05,relaxed,0.0910566,True,0.42773,False,True,,,,,,,,,,,,,,,,,,
0,1,transport-sat08-strips/p09,goal_chains,0.0177662,True,4.98447,False,True,0,36,0.00403855,18,36,0,18,0,1,108,5,18,0,36,0,0.00443575,0,0
0,3,transport-sat08-strips/p09,linear,22.2017,True,26.8171,False,True,,,,,,,,,,,,,,,,,,
0,2,transport-sat08-strips/p09,relaxed,30.5209,True,36.1754,False,True,,,,,,,,,,,,,,,,,,
0,1,transport-sat08-strips/p26,goal_chains,0.0129466,True,1.34258,False,True,0,24,0.00327369,12,24,0,12,0,1,72,5,12,0,24,0,0.00350267,0,0
0,3,transport-sat08-strips/p26,linear,0.519346,True,1.96941,False,True,,,,,,,,,,,,,,,,,,
0,2,transport-sat08-strips/p26,relaxed,0.489684,True,2.00725,False,True,,,,,,,,,,,,,,,,,,
0,1,transport-sat11-strips/p06,goal_chains,0.017453,True,3.90131,False,True,0,32,0.00352451,16,32,0,16,0,1,96,5,16,0,32,0,0.00387322,0,0
0,3,transport-sat11-strips/p06,linear,10.0804,True,14.0639,False,True,,,,,,,,,,,,,,,,,,
0,2,transport-sat11-strips/p06,relaxed,8.80284,True,12.877,False,True,,,,,,,,,,,,,,,,,,
0,1,transport-sat14-strips/p17,goal_chains,0.0356215,True,73.2381,False,True,0,50,0.0137174,25,50,0,25,0,1,200,6,25,0,50,0,0.0146302,0,0
0,3,transport-sat14-strips/p17,linear,208.435,True,280.134,False,True,,,,,,,,,,,,,,,,,,
0,2,transport-sat14-strips/p17,relaxed,52.4784,True,126.351,False,True,,,,,,,,,,,,,,,,,,
0,6,trucks-strips/p01,goal_chains,0.0977512,True,0.104113,False,True,0,12,6.9392e-05,3,10,0,3,0,1,36,3,9,0,10,0,0.000131418,0,0
0,6,trucks-strips/p01,linear,0.223363,True,0.22921,False,True,,,,,,,,,,,,,,,,,,
0,5,trucks-strips/p01,relaxed,0.0888804,True,0.0940336,False,True,,,,,,,,,,,,,,,,,,
0,10,trucks-strips/p04,goal_chains,17.6671,True,17.6844,False,True,0,18,0.000126681,6,13,0,6,0,1,73,3,12,0,13,0,0.000235975,0,0
0,10,trucks-strips/p04,linear,8.83994,True,8.85674,False,True,,,,,,,,,,,,,,,,,,
0,9,trucks-strips/p04,relaxed,16.7756,True,16.7933,False,True,,,,,,,,,,,,,,,,,,
0,10,trucks-strips/p05,goal_chains,21.9657,True,21.9948,False,True,0,22,0.000526693,7,16,0,7,0,1,83,3.28571,15,0,16,0,0.000684624,0,0
0,10,trucks-strips/p05,linear,22.4557,True,22.4854,False,True,,,,,,,,,,,,,,,,,,
0,8,trucks-strips/p05,relaxed,14.1231,True,14.1513,False,True,,,,,,,,,,,,,,,,,,
0,11,trucks-strips/p06,goal_chains,40.8057,True,40.8403,False,True,0,28,0.00198464,8,19,1,8,0,3,94,3.5,20,1,17,0,0.00231012,0,2
0,12,trucks-strips/p06,linear,80.4985,True,80.5275,False,True,,,,,,,,,,,,,,,,,,
0,10,trucks-strips/p06,relaxed,58.7242,True,58.7544,False,True,,,,,,,,,,,,,,,,,,
0,8,trucks-strips/p07,goal_chains,5.6518,True,5.67905,False,True,0,24,0.000198293,6,19,0,6,0,1,145,3,18,0,19,0,0.00040239,0,0
0,9,trucks-strips/p07,linear,10.9667,True,10.9904,False,True,,,,,,,,,,,,,,,,,,
0,8,trucks-strips/p07,relaxed,12.9746,True,13.0,False,True,,,,,,,,,,,,,,,,,,
0,11,trucks-strips/p08,goal_chains,65.3805,True,65.4283,False,True,0,21,0.000259908,7,15,0,7,0,1,169,3,14,0,15,0,0.000509594,0,0
0,10,trucks-strips/p08,linear,44.5984,True,44.6445,False,True,,,,,,,,,,,,,,,,,,
0,8,trucks-strips/p08,relaxed,47.5316,True,47.5792,False,True,,,,,,,,,,,,,,,,,,
0,2,visitall-opt11-strips/problem02-full,goal_chains,0.00393578,True,0.00670903,False,True,0,4,1.6392e-05,3,3,0,3,0,1,1,2,1,0,3,0,4.0246e-05,0,0
0,2,visitall-opt11-strips/problem02-full,linear,0.00405224,True,0.0058831,False,True,,,,,,,,,,,,,,,,,,
0,2,visitall-opt11-strips/problem02-full,relaxed,0.00394465,True,0.00554702,False,True,,,,,,,,,,,,,,,,,,
0,3,visitall-opt11-strips/problem03-full,goal_chains,0.0071518,True,0.0103447,False,True,0,12,5.8754e-05,8,8,0,8,0,1,1,2,4,0,8,0,9.189e-05,0,0
0,4,visitall-opt11-strips/problem03-full,linear,0.0100441,True,0.0126172,False,True,,,,,,,,,,,,,,,,,,
0,4,visitall-opt11-strips/problem03-full,relaxed,0.00732336,True,0.010521,False,True,,,,,,,,,,,,,,,,,,
0,2,woodworking-opt08-strips/p10,goal_chains,0.645037,True,5.68879,False,True,0,76,0.0478406,39,48,0,40,0,1,780,27.1538,37,0,48,0,0.0636487,0,0
0,2,woodworking-opt08-strips/p10,linear,0.312854,True,5.49004,False,True,,,,,,,,,,,,,,,,,,
0,2,woodworking-opt08-strips/p10,relaxed,0.630573,True,5.63878,False,True,,,,,,,,,,,,,,,,,,
0,2,woodworking-opt08-strips/p17,goal_chains,0.0952815,True,1.52229,False,True,0,61,0.0145472,30,34,0,30,0,1,397,16.0333,31,0,34,0,0.018864,0,0
0,2,woodworking-opt08-strips/p17,linear,0.0766978,True,1.45733,False,True,,,,,,,,,,,,,,,,,,
0,1,woodworking-opt08-strips/p17,relaxed,0.0492832,True,1.49352,False,True,,,,,,,,,,,,,,,,,,
0,2,woodworking-opt08-strips/p18,goal_chains,0.143111,True,2.06971,False,True,0,67,0.0253968,32,38,0,32,0,1,464,19.9375,35,0,38,0,0.0313547,0,0
0,2,woodworking-opt08-strips/p18,linear,0.129537,True,2.04754,False,True,,,,,,,,,,,,,,,,,,
0,2,woodworking-opt08-strips/p18,relaxed,0.115586,True,2.1171,False,True,,,,,,,,,,,,,,,,,,
0,2,woodworking-opt08-strips/p19,goal_chains,0.13463,True,4.74951,False,True,0,57,0.0170465,32,34,0,32,0,1,517,18.9062,25,0,34,0,0.0240386,0,0
0,2,woodworking-opt08-strips/p19,linear,0.112585,True,4.66914,False,True,,,,,,,,,,,,,,,,,,
0,2,woodworking-opt08-strips/p19,relaxed,0.131815,True,4.95058,False,True,,,,,,,,,,,,,,,,,,
0,2,woodworking-opt08-strips/p20,goal_chains,0.404173,True,7.34328,False,True,0,86,0.0537601,42,49,0,42,0,1,774,26.2619,44,0,49,0,0.0704758,0,0
0,2,woodworking-opt08-strips/p20,linear,0.347533,True,7.49328,False,True,,,,,,,,,,,,,,,,,,
0,2,woodworking-opt08-strips/p20,relaxed,0.619295,True,8.93857,False,True,,,,,,,,,,,,,,,,,,
0,1,woodworking-opt08-strips/p21,goal_chains,0.00500807,True,0.01608,False,True,0,17,0.000154027,9,7,0,9,0,1,27,5.22222,8,0,7,0,0.000221598,0,0
0,2,woodworking-opt08-strips/p21,linear,0.00553836,True,0.0156503,False,True,,,,,,,,,,,,,,,,,,
0,1,woodworking-opt08-strips/p21,relaxed,0.00492621,True,0.0159177,False,True,,,,,,,,,,,,,,,,,,
0,1,woodworking-sat08-strips/p27,goal_chains,0.151205,True,51.0116,False,True,0,102,0.0309382,61,61,1,61,0,2,944,13.623,41,1,60,0,0.0703757,0,1
0,2,woodworking-sat08-strips/p27,linear,0.342203,True,52.9427,False,True,,,,,,,,,,,,,,,,,,
0,1,woodworking-sat08-strips/p27,relaxed,0.134639,True,66.4634,False,True,,,,,,,,,,,,,,,,,,
0,2,woodworking-sat11-strips/p06,goal_chains,2.53808,True,306.767,False,True,168,201,1.20497,103,110,1,103,0,2,2726,27.9709,98,1,109,0,1.32485,0,1
0,3,woodworking-sat11-strips/p06,linear,4.79326,True,313.556,False,True,,,,,,,,,,,,,,,,,,
0,2,woodworking-sat11-strips/p06,relaxed,3.08145,True,311.152,False,True,,,,,,,,,,,,,,,,,,
0,2,woodworking-sat11-strips/p11,goal_chains,1.71938,True,313.071,False,True,60,199,0.867525,104,109,1,105,0,2,1903,19.3077,90,1,108,0,0.973475,0,1
0,3,woodworking-sat11-strips/p11,linear,3.27007,True,417.057,False,True,,,,,,,,,,,,,,,,,,
0,3,woodworking-sat11-strips/p11,relaxed,2.8958,True,403.768,False,True,,,,,,,,,,,,,,,,,,
0,,zenotravel/pfile11,goal_chains,,True,0.0313307,True,True,,,,,,,,,,,,,,,,,,
0,,zenotravel/pfile11,linear,,True,0.0304612,True,True,,,,,,,,,,,,,,,,,,
0,,zenotravel/pfile11,relaxed,,True,0.0287364,True,True,,,,,,,,,,,,,,,,,,
