instance,base_order,base_horizon,base_total,base_search,base_valid,plan_labels,distinct,fixed_breaks,first_occ_horizon,predicted_horizon,infer_optimal,infer_time,opt_horizon,opt_total,opt_search,opt_valid,iterations,horizon_chain,final_predicted,final_horizon,final_total,final_search,final_valid,infer_time_total,all_valid,note
airport/p06-airport2-p2,label_order_linear(),14,2.10321,1.80137,True,41,41,0,1,1,1,0.0,1,0.373113,0.053498,True,1,1/1,1,1,0.373113,0.053498,True,0.0,True,
airport/p06-airport2-p2,label_order_relaxed(),2,0.442102,0.110371,True,41,41,0,1,1,1,0.0,1,0.390136,0.0556648,True,1,1/1,1,1,0.390136,0.0556648,True,0.0,True,
airport/p14-airport3-p3,label_order_linear(),17,10.0497,8.93718,True,60,60,0,1,1,1,0.0,1,1.29265,0.124567,True,1,1/1,1,1,1.29265,0.124567,True,0.0,True,
airport/p14-airport3-p3,label_order_relaxed(),4,2.39454,1.2605,True,60,60,0,1,1,1,0.0,1,1.27329,0.131782,True,1,1/1,1,1,1.27329,0.131782,True,0.0,True,
airport/p16-airport3-p4,label_order_linear(),17,20.7986,16.488,True,79,79,0,1,1,1,0.0,1,4.83884,0.233035,True,1,1/1,1,1,4.83884,0.233035,True,0.0,True,
airport/p16-airport3-p4,label_order_relaxed(),4,6.69826,2.35126,True,79,79,0,1,1,1,0.0,1,5.19921,0.228426,True,1,1/1,1,1,5.19921,0.228426,True,0.0,True,
airport/p17-airport3-p5,label_order_linear(),17,23.7285,16.3911,True,88,88,0,1,1,1,0.0,1,7.2611,0.298767,True,1,1/1,1,1,7.2611,0.298767,True,0.0,True,
airport/p17-airport3-p5,label_order_relaxed(),5,13.4901,6.39369,True,88,88,0,1,1,1,0.0,1,7.42888,0.291219,True,1,1/1,1,1,7.42888,0.291219,True,0.0,True,
airport/p19-airport3-p6,label_order_linear(),18,32.6116,25.6148,True,90,90,0,1,1,1,0.0,1,6.58489,0.249781,True,1,1/1,1,1,6.58489,0.249781,True,0.0,True,
airport/p19-airport3-p6,label_order_relaxed(),6,19.1523,12.9153,True,92,92,0,1,1,1,0.0,1,6.52862,0.249337,True,1,1/1,1,1,6.52862,0.249337,True,0.0,True,
airport/p20-airport3-p7,label_order_linear(),19,74.1948,56.497,True,115,115,0,1,1,1,0.0,1,19.2654,0.508573,True,1,1/1,1,1,19.2654,0.508573,True,0.0,True,
airport/p20-airport3-p7,label_order_relaxed(),7,54.3871,36.8643,True,117,117,0,1,1,1,0.0,1,19.2279,0.488341,True,1,1/1,1,1,19.2279,0.488341,True,0.0,True,
airport/p46-airport5MUC-p6,label_order_linear(),,,,,,,,,,,,,,,,,,,,,,,,,base unsolved
airport/p46-airport5MUC-p6,label_order_relaxed(),,,,,,,,,,,,,,,,,,,,,,,,,base unsolved
blocks/probBLOCKS-22-1,label_order_linear(),,,,,,,,,,,,,,,,,,,,,,,,,base unsolved
blocks/probBLOCKS-22-1,label_order_relaxed(),,,,,,,,,,,,,,,,,,,,,,,,,base unsolved
depot/pfile13,label_order_linear(),4,12.6749,12.2738,True,34,33,0,2,2,1,0.031,1,0.595837,0.200366,True,2,2/1>1/1,1,1,0.608957,0.203736,True,0.031,True,
depot/pfile13,label_order_relaxed(),3,4.52863,4.13877,True,24,23,0,2,2,1,0.011,1,0.617516,0.217052,True,2,2/1>1/1,1,1,0.630973,0.222837,True,0.011,True,
depot/pfile4,label_order_linear(),7,42.7949,42.6965,True,44,43,0,2,2,1,0.061,2,0.98595,0.804314,True,1,2/2,2,2,0.98595,0.804314,True,0.061,True,
depot/pfile4,label_order_relaxed(),8,324.257,324.051,True,63,51,0,11,5,1,0.51,5,54.3979,54.1963,True,1,5/5,5,5,54.3979,54.1963,True,0.51,True,
depot/pfile5,label_order_linear(),,,,,,,,,,,,,,,,,,,,,,,,,base unsolved
depot/pfile5,label_order_relaxed(),,,,,,,,,,,,,,,,,,,,,,,,,base unsolved
depot/pfile7,label_order_linear(),4,2.36692,2.25575,True,23,23,0,1,1,1,0.0,1,0.163137,0.0520225,True,1,1/1,1,1,0.163137,0.0520225,True,0.0,True,
depot/pfile7,label_order_relaxed(),3,3.28573,3.15722,True,20,20,0,1,1,1,0.0,1,0.180155,0.0541998,True,1,1/1,1,1,0.180155,0.0541998,True,0.0,True,
driverlog/pfile11,label_order_linear(),6,0.570331,0.549257,True,25,16,0,8,5,1,0.018,3,0.121692,0.101096,True,2,5/3>3/3,3,3,0.100858,0.0789985,True,0.077,True,
driverlog/pfile11,label_order_relaxed(),4,0.558068,0.536666,True,30,21,0,6,4,1,0.024,3,0.180396,0.158842,True,2,4/3>3/3,3,3,0.110773,0.0888688,True,0.08,True,
driverlog/pfile12,label_order_linear(),6,1.67032,1.6325,True,29,22,0,7,5,1,0.027,4,0.676754,0.634983,True,3,5/4>4/3>3/3,3,3,0.207529,0.169521,True,0.199,True,
driverlog/pfile12,label_order_relaxed(),4,0.980387,0.938775,True,35,28,0,6,3,1,0.07,3,0.246845,0.201419,True,1,3/3,3,3,0.246845,0.201419,True,0.07,True,
driverlog/pfile13,label_order_linear(),6,2.21117,2.17423,True,29,22,0,6,5,1,0.02,4,0.999543,0.963324,True,3,5/4>4/3>3/3,3,3,0.215329,0.176342,True,0.089,True,
driverlog/pfile13,label_order_relaxed(),5,2.13989,2.09935,True,39,30,0,5,4,1,0.048,3,0.238475,0.19875,True,2,4/3>3/3,3,3,0.302266,0.263261,True,0.143,True,
driverlog/pfile14,label_order_linear(),5,1.26813,1.21813,True,30,21,0,9,4,1,0.051,3,0.610276,0.56116,True,2,4/3>3/3,3,3,0.367999,0.316802,True,0.152,True,
driverlog/pfile14,label_order_relaxed(),4,1.12339,1.06824,True,47,32,0,8,4,1,0.12,3,0.819815,0.766939,True,2,4/3>3/3,3,3,0.37947,0.325804,True,0.226,True,
driverlog/pfile15,label_order_linear(),5,7.65149,7.49543,True,44,32,0,7,5,1,0.071,4,12.213,12.0443,True,3,5/4>4/3>3/3,3,3,4.69728,4.51875,True,1.227,True,
driverlog/pfile15,label_order_relaxed(),4,6.73742,6.55757,True,47,36,0,3,3,1,0.041,3,5.07875,4.89927,True,1,3/3,3,3,5.07875,4.89927,True,0.041,True,
driverlog/pfile18,label_order_linear(),7,460.19,458.612,True,90,65,0,17,6,1,1.765,4,221.605,219.597,True,2,6/4>4/4,4,4,111.616,110.028,True,11.13,True,
driverlog/pfile18,label_order_relaxed(),6,392.11,390.57,True,132,98,0,19,6,1,4.775,4,114.173,112.522,True,3,6/4>4/3>3/3,3,3,47.059,45.6487,True,14.014,True,
driverlog/pfile3,label_order_linear(),3,0.0125695,0.00705197,True,16,14,0,2,2,1,0.004,2,0.0100516,0.00611903,True,1,2/2,2,2,0.0100516,0.00611903,True,0.004,True,
driverlog/pfile3,label_order_relaxed(),2,0.0118479,0.00625102,True,16,12,0,2,2,1,0.003,2,0.00977466,0.00567416,True,1,2/2,2,2,0.00977466,0.00567416,True,0.003,True,
elevators-00-strips/s1-2,label_order_linear(),,0.00119678,,True,,,,,,,,,,,,,,,,,,,,,trivial
elevators-00-strips/s1-2,label_order_relaxed(),,0.0025441,,True,,,,,,,,,,,,,,,,,,,,,trivial
elevators-opt08-strips/p14,label_order_linear(),2,0.0252494,0.00793904,True,18,16,0,2,2,1,0.005,1,0.0236795,0.00566099,True,2,2/1>1/1,1,1,0.0213887,0.00538963,True,0.005,True,
elevators-opt08-strips/p14,label_order_relaxed(),2,0.025332,0.00736812,True,14,14,0,1,1,1,0.0,1,0.0237205,0.00606751,True,1,1/1,1,1,0.0237205,0.00606751,True,0.0,True,
ferry/p-10locs-5cars,label_order_linear(),1,0.00977785,0.00399813,True,10,10,0,1,1,1,0.0,1,0.00924546,0.00408423,True,1,1/1,1,1,0.00924546,0.00408423,True,0.0,True,
ferry/p-10locs-5cars,label_order_relaxed(),5,0.0140884,0.00871101,True,10,10,0,1,1,1,0.0,1,0.00991297,0.00420228,True,1,1/1,1,1,0.00991297,0.00420228,True,0.0,True,
ferry/p-10locs-7cars,label_order_linear(),1,0.0100554,0.00385592,True,10,10,0,1,1,1,0.0,1,0.0113636,0.00398146,True,1,1/1,1,1,0.0113636,0.00398146,True,0.0,True,
ferry/p-10locs-7cars,label_order_relaxed(),5,0.018115,0.0102696,True,10,10,0,1,1,1,0.0,1,0.0114572,0.00402783,True,1,1/1,1,1,0.0114572,0.00402783,True,0.0,True,
freecell/pfile17,label_order_linear(),,,,,,,,,,,,,,,,,,,,,,,,,base unsolved
freecell/pfile17,label_order_relaxed(),,,,,,,,,,,,,,,,,,,,,,,,,base unsolved
freecell/probfreecell-4-3,label_order_linear(),2,4.3403,3.84235,True,24,24,0,1,1,1,0.0,1,1.14897,0.627039,True,1,1/1,1,1,1.14897,0.627039,True,0.0,True,
freecell/probfreecell-4-3,label_order_relaxed(),1,1.8358,1.24026,True,27,27,0,1,1,1,0.0,1,0.923032,0.377818,True,1,1/1,1,1,0.923032,0.377818,True,0.0,True,
grid/prob01,label_order_linear(),4,63.6942,63.5632,True,18,17,0,2,2,1,0.006,1,20.0706,19.9554,True,2,2/1>1/1,1,1,12.2552,12.1256,True,0.006,True,
grid/prob01,label_order_relaxed(),2,60.7777,60.651,True,12,12,0,1,1,1,0.0,1,20.0235,19.9079,True,1,1/1,1,1,20.0235,19.9079,True,0.0,True,
grid/prob03,label_order_linear(),,,,,,,,,,,,,,,,,,,,,,,,,base unsolved
grid/prob03,label_order_relaxed(),,,,,,,,,,,,,,,,,,,,,,,,,base unsolved
gripper/prob01,label_order_linear(),3,0.00938849,0.00626012,True,8,8,0,1,1,1,0.0,1,0.00668535,0.00417942,True,1,1/1,1,1,0.00668535,0.00417942,True,0.0,True,
gripper/prob01,label_order_relaxed(),2,0.0095511,0.00573527,True,8,8,0,1,1,1,0.0,1,0.00627609,0.0041948,True,1,1/1,1,1,0.00627609,0.0041948,True,0.0,True,
gripper/prob03,label_order_linear(),5,0.255485,0.249649,True,16,16,0,1,1,1,0.0,1,0.010949,0.00640337,True,1,1/1,1,1,0.010949,0.00640337,True,0.0,True,
gripper/prob03,label_order_relaxed(),4,0.214911,0.208594,True,16,16,0,1,1,1,0.0,1,0.0107669,0.00550833,True,1,1/1,1,1,0.0107669,0.00550833,True,0.0,True,
logistics00/adl-98-prob03,label_order_linear(),,0.163702,,True,,,,,,,,,,,,,,,,,,,,,trivial
logistics00/adl-98-prob03,label_order_relaxed(),,0.192781,,True,,,,,,,,,,,,,,,,,,,,,trivial
miconic/s1-2,label_order_linear(),,0.00152013,,True,,,,,,,,,,,,,,,,,,,,,trivial
miconic/s1-2,label_order_relaxed(),,0.0026985,,True,,,,,,,,,,,,,,,,,,,,,trivial
movie/prob03,label_order_linear(),,0.00185242,,True,,,,,,,,,,,,,,,,,,,,,trivial
movie/prob03,label_order_relaxed(),,0.00286889,,True,,,,,,,,,,,,,,,,,,,,,trivial
mprime/prob04,label_order_linear(),4,1.16468,1.11811,True,91,67,0,18,4,1,2.42,3,0.263981,0.220049,True,2,4/3>3/3,3,3,0.412805,0.364763,True,3.835,True,
mprime/prob04,label_order_relaxed(),1,0.0972362,0.043916,True,41,41,0,1,1,1,0.0,1,0.0747556,0.0230164,True,1,1/1,1,1,0.0747556,0.0230164,True,0.0,True,
mprime/prob11,label_order_linear(),3,0.272991,0.221739,True,71,56,0,15,3,1,0.88,3,0.354979,0.298558,True,1,3/3,3,3,0.354979,0.298558,True,0.88,True,
mprime/prob11,label_order_relaxed(),2,0.190106,0.134351,True,50,44,0,7,2,1,0.319,2,0.114404,0.0585271,True,1,2/2,2,2,0.114404,0.0585271,True,0.319,True,
mprime/prob16,label_order_linear(),2,15.149,13.713,True,96,83,0,9,2,1,2.384,1,8.22646,6.76898,True,2,2/1>1/1,1,1,6.62204,4.75614,True,2.384,True,
mprime/prob16,label_order_relaxed(),1,9.46349,8.01568,True,62,62,0,1,1,1,0.0,1,9.46342,8.2505,True,1,1/1,1,1,9.46342,8.2505,True,0.0,True,
mprime/prob18,label_order_linear(),,,,,,,,,,,,,,,,,,,,,,,,,base unsolved
mprime/prob18,label_order_relaxed(),,,,,,,,,,,,,,,,,,,,,,,,,base unsolved
mprime/prob32,label_order_linear(),3,2.4048,2.22953,True,23,23,0,1,1,1,0.0,1,0.593859,0.417966,True,1,1/1,1,1,0.593859,0.417966,True,0.0,True,
mprime/prob32,label_order_relaxed(),2,1.59702,1.40545,True,20,20,0,1,1,1,0.0,1,1.81097,1.60624,True,1,1/1,1,1,1.81097,1.60624,True,0.0,True,
mystery/prob20,label_order_linear(),3,58.37,56.9383,True,45,40,0,6,3,1,0.168,2,41.4979,39.2904,True,3,3/2>2/1>1/1,1,1,11.3432,9.91171,True,0.319,True,
mystery/prob20,label_order_relaxed(),2,46.0914,44.1502,True,44,43,0,2,2,1,0.067,1,12.746,10.8197,True,2,2/1>1/1,1,1,13.7113,11.5498,True,0.067,True,
mystery/prob23,label_order_linear(),,,,,,,,,,,,,,,,,,,,,,,,,base unsolved
mystery/prob23,label_order_relaxed(),,,,,,,,,,,,,,,,,,,,,,,,,base unsolved
mystery/prob28,label_order_linear(),4,0.0354864,0.0273425,True,13,9,0,4,3,1,0.005,3,0.0261598,0.0183215,True,1,3/3,3,3,0.0261598,0.0183215,True,0.005,True,
mystery/prob28,label_order_relaxed(),2,0.0208426,0.0138079,True,9,9,0,1,1,1,0.0,1,0.0169999,0.00882763,True,1,1/1,1,1,0.0169999,0.00882763,True,0.0,True,
nomystery-opt11-strips/p06,label_order_linear(),9,4.84216,4.7554,True,28,22,0,7,6,1,0.018,6,0.766249,0.691295,True,1,6/6,6,6,0.766249,0.691295,True,0.018,True,
nomystery-opt11-strips/p06,label_order_relaxed(),8,6.43518,6.35539,True,30,25,0,5,4,1,0.029,3,0.353612,0.276045,True,2,4/3>3/3,3,3,0.371608,0.28933,True,0.062,True,
nomystery-opt11-strips/p07,label_order_linear(),10,13.9187,13.8346,True,35,29,0,5,5,1,0.026,5,2.09623,2.01487,True,1,5/5,5,5,2.09623,2.01487,True,0.026,True,
nomystery-opt11-strips/p07,label_order_relaxed(),9,16.8207,16.7348,True,35,29,0,7,5,1,0.055,5,0.843212,0.764208,True,1,5/5,5,5,0.843212,0.764208,True,0.055,True,
nomystery-opt11-strips/p08,label_order_linear(),11,24.4871,24.384,True,37,27,0,10,8,1,0.047,8,3.85405,3.75364,True,1,8/8,8,8,3.85405,3.75364,True,0.047,True,
nomystery-opt11-strips/p08,label_order_relaxed(),11,23.926,23.8135,True,37,27,0,10,9,1,0.039,9,3.63293,3.52619,True,1,9/9,9,9,3.63293,3.52619,True,0.039,True,
nomystery-opt11-strips/p09,label_order_linear(),11,30.1398,29.9696,True,42,32,0,10,9,1,0.052,9,7.71733,7.54463,True,1,9/9,9,9,7.71733,7.54463,True,0.052,True,
nomystery-opt11-strips/p09,label_order_relaxed(),10,28.9579,28.7724,True,40,34,0,7,7,1,0.035,7,8.45303,8.28097,True,1,7/7,7,7,8.45303,8.28097,True,0.035,True,
nomystery-opt11-strips/p10,label_order_linear(),12,59.8637,59.7474,True,42,34,0,7,5,1,0.077,5,0.802104,0.698443,True,1,5/5,5,5,0.802104,0.698443,True,0.077,True,
nomystery-opt11-strips/p10,label_order_relaxed(),11,40.7436,40.6174,True,47,34,0,10,9,1,0.063,7,1.39645,1.28647,True,2,9/7>6/6,6,6,0.930038,0.806816,True,0.146,True,
nomystery-opt11-strips/p11,label_order_linear(),5,0.0205791,0.0154927,True,13,9,0,5,5,1,0.003,5,0.0748075,0.0700718,True,1,5/5,5,5,0.0748075,0.0700718,True,0.003,True,
nomystery-opt11-strips/p11,label_order_relaxed(),5,0.127146,0.122145,True,13,9,0,5,5,1,0.003,5,0.07427,0.0702894,True,1,5/5,5,5,0.07427,0.0702894,True,0.003,True,
nomystery-opt11-strips/p19,label_order_linear(),13,111.888,111.771,True,42,34,0,9,8,1,0.059,8,6.16663,6.06625,True,1,8/8,8,8,6.16663,6.06625,True,0.059,True,
nomystery-opt11-strips/p19,label_order_relaxed(),11,81.4718,81.3458,True,38,31,0,8,8,1,0.03,8,12.0955,11.9722,True,1,8/8,8,8,12.0955,11.9722,True,0.03,True,
openstacks-opt08-strips/p04,label_order_linear(),5,0.0474917,0.0413309,True,29,25,0,5,5,1,0.019,3,0.0251453,0.0215441,True,2,5/3>3/3,3,3,0.0254951,0.0182548,True,0.037,True,
openstacks-opt08-strips/p04,label_order_relaxed(),4,0.104728,0.0981836,True,28,25,0,4,4,1,0.021,3,0.0290738,0.0231356,True,2,4/3>3/3,3,3,0.0271801,0.0193985,True,0.04,True,
openstacks-opt08-strips/p11,label_order_linear(),7,15.0415,15.0183,True,51,46,0,6,6,1,0.08,4,0.723216,0.699268,True,2,6/4>4/4,4,4,0.67416,0.648015,True,0.159,True,
openstacks-opt08-strips/p11,label_order_relaxed(),6,47.0012,46.9774,True,51,46,0,6,6,1,0.076,4,1.15601,1.13139,True,2,6/4>4/4,4,4,0.978044,0.953571,True,0.156,True,
openstacks-opt08-strips/p12,label_order_linear(),7,25.3266,25.3118,True,54,49,1,6,6,1,0.086,4,1.58214,1.56818,True,2,6/4>4/4,4,4,1.24703,1.23238,True,0.174,True,
openstacks-opt08-strips/p12,label_order_relaxed(),6,59.1969,59.1832,True,54,49,0,6,6,1,0.091,4,2.07968,2.06503,True,2,6/4>4/4,4,4,0.984406,0.969492,True,0.185,True,
openstacks-opt08-strips/p13,label_order_linear(),7,37.5825,37.5201,True,57,52,0,6,6,1,0.112,4,5.42007,5.34926,True,2,6/4>4/4,4,4,1.64539,1.58229,True,0.222,True,
openstacks-opt08-strips/p13,label_order_relaxed(),6,120.856,120.786,True,57,52,0,6,6,1,0.105,4,1.82128,1.75899,True,2,6/4>4/4,4,4,1.56223,1.49732,True,0.212,True,
openstacks-opt08-strips/p14,label_order_linear(),7,34.177,34.1479,True,60,55,0,6,6,1,0.121,4,3.41825,3.38469,True,2,6/4>4/4,4,4,1.27695,1.24382,True,0.238,True,
openstacks-opt08-strips/p14,label_order_relaxed(),6,72.628,72.5966,True,60,55,0,6,6,1,0.129,4,3.97504,3.94158,True,2,6/4>4/4,4,4,1.10874,1.07615,True,0.255,True,
openstacks-opt08-strips/p15,label_order_linear(),7,48.4094,48.296,True,63,58,1,6,6,1,0.146,4,3.12598,3.02642,True,2,6/4>4/4,4,4,3.55014,3.4554,True,0.296,True,
openstacks-opt08-strips/p15,label_order_relaxed(),6,180.935,180.84,True,63,58,0,6,6,1,0.149,4,3.10698,3.01289,True,2,6/4>4/4,4,4,3.81736,3.7144,True,0.291,True,
openstacks-opt08-strips/p16,label_order_linear(),,,,,,,,,,,,,,,,,,,,,,,,,base unsolved
openstacks-opt08-strips/p16,label_order_relaxed(),,,,,,,,,,,,,,,,,,,,,,,,,base unsolved
parcprinter-08-strips/p04,label_order_linear(),5,0.0457458,0.0260685,True,29,25,0,5,2,1,0.049,2,0.0312095,0.0114995,True,1,2/2,2,2,0.0312095,0.0114995,True,0.049,True,
parcprinter-08-strips/p04,label_order_relaxed(),2,0.0310626,0.0106853,True,29,25,0,2,2,1,0.018,2,0.0307476,0.0105909,True,1,2/2,2,2,0.0307476,0.0105909,True,0.018,True,
parcprinter-08-strips/p07,label_order_linear(),5,0.116181,0.0410392,True,50,43,0,8,2,1,0.328,2,0.099867,0.0181889,True,1,2/2,2,2,0.099867,0.0181889,True,0.328,True,
parcprinter-08-strips/p07,label_order_relaxed(),2,0.102883,0.0186665,True,50,43,0,2,2,1,0.063,2,0.0961057,0.0164993,True,1,2/2,2,2,0.0961057,0.0164993,True,0.063,True,
parcprinter-08-strips/p10,label_order_linear(),6,0.25543,0.0854997,True,71,61,0,11,2,1,0.863,2,0.195444,0.0217121,True,1,2/2,2,2,0.195444,0.0217121,True,0.863,True,
parcprinter-08-strips/p10,label_order_relaxed(),2,0.213289,0.02324,True,71,61,0,2,2,1,0.171,2,0.209742,0.0226577,True,1,2/2,2,2,0.209742,0.0226577,True,0.171,True,
parcprinter-08-strips/p14,label_order_linear(),3,0.0628456,0.0287744,True,33,33,0,1,1,1,0.0,1,0.045617,0.0111783,True,1,1/1,1,1,0.045617,0.0111783,True,0.0,True,
parcprinter-08-strips/p14,label_order_relaxed(),2,0.0692249,0.0344843,True,33,33,0,1,1,1,0.0,1,0.0468585,0.0119231,True,1,1/1,1,1,0.0468585,0.0119231,True,0.0,True,
parcprinter-08-strips/p20,label_order_linear(),7,1.69468,1.25768,True,95,87,0,4,3,1,0.844,2,0.481941,0.0592674,True,2,3/2>2/2,2,2,0.483265,0.0629437,True,1.601,True,
parcprinter-08-strips/p20,label_order_relaxed(),4,1.21336,0.771039,True,113,93,0,13,4,1,4.542,3,0.640625,0.198385,True,2,4/3>3/3,3,3,0.59756,0.172879,True,6.771,True,
parcprinter-08-strips/p28,label_order_linear(),4,0.0938157,0.0233914,True,57,49,0,2,2,1,0.091,2,0.0847199,0.0140817,True,1,2/2,2,2,0.0847199,0.0140817,True,0.091,True,
parcprinter-08-strips/p28,label_order_relaxed(),3,0.103071,0.0271539,True,57,49,0,2,2,1,0.094,2,0.0971381,0.0159783,True,1,2/2,2,2,0.0971381,0.0159783,True,0.094,True,
pathways-noneg/p04,label_order_linear(),4,0.0686785,0.0156436,True,22,19,0,3,3,1,0.007,2,0.0610527,0.00797259,True,2,3/2>2/2,2,2,0.0602002,0.00748682,True,0.013,True,
pathways-noneg/p04,label_order_relaxed(),2,0.0681619,0.00920695,True,21,18,0,3,2,1,0.011,2,0.0638991,0.00772561,True,1,2/2,2,2,0.0638991,0.00772561,True,0.011,True,
pathways-noneg/p10,label_order_linear(),7,2.11787,0.462462,True,93,67,0,15,6,1,1.493,4,1.76967,0.120949,True,2,6/4>4/4,4,4,1.6798,0.0844323,True,2.85,True,
pathways-noneg/p10,label_order_relaxed(),3,1.72648,0.114915,True,94,71,0,10,3,1,1.595,3,1.71564,0.057472,True,1,3/3,3,3,1.71564,0.057472,True,1.595,True,
pathways-noneg/p14,label_order_linear(),,,,,,,,,,,,,,,,,,,,,,,,,base unsolved
pathways-noneg/p14,label_order_relaxed(),5,207.55,205.145,True,140,100,0,24,5,1,4.749,5,257.243,254.942,True,1,5/5,5,5,257.243,254.942,True,4.749,True,
pathways-noneg/p25,label_order_linear(),9,50.5639,4.74489,True,287,193,0,48,8,1,52.459,7,44.2557,2.84522,True,2,8/7>7/7,7,7,41.6735,2.34116,True,167.548,True,
pathways-noneg/p25,label_order_relaxed(),5,45.468,2.02893,True,305,202,0,50,5,1,70.852,5,42.668,1.73418,True,1,5/5,5,5,42.668,1.73418,True,70.852,True,
pathways-noneg/p26,label_order_linear(),9,44.4939,8.25088,True,266,166,0,56,8,1,39.02,7,38.5864,4.05203,True,2,8/7>7/7,7,7,36.5455,2.50683,True,108.115,True,
pathways-noneg/p26,label_order_relaxed(),6,49.6139,10.1072,True,273,176,0,64,6,1,104.742,6,44.0194,3.67414,True,1,6/6,6,6,44.0194,3.67414,True,104.742,True,
pathways-noneg/p28,label_order_linear(),9,53.7674,4.62751,True,273,185,0,42,8,1,89.376,6,41.2292,1.71074,True,2,8/6>6/6,6,6,45.9702,2.0214,True,155.146,True,
pathways-noneg/p28,label_order_relaxed(),5,54.5176,2.1847,True,274,181,0,49,5,1,56.284,5,45.9583,1.74397,True,1,5/5,5,5,45.9583,1.74397,True,56.284,True,
pathways-noneg/p29,label_order_linear(),9,35.364,8.186,True,311,184,0,57,8,1,65.817,7,27.3373,2.45273,True,3,8/7>7/6>6/6,6,6,28.1342,2.16186,True,205.905,True,
pathways-noneg/p29,label_order_relaxed(),,,,,,,,,,,,,,,,,,,,,,,,,base unsolved
pipesworld-notankage/p06-net1-b10-g6,label_order_linear(),3,0.938646,0.798519,True,19,19,0,1,1,1,0.0,1,0.410636,0.271126,True,1,1/1,1,1,0.410636,0.271126,True,0.0,True,
pipesworld-notankage/p06-net1-b10-g6,label_order_relaxed(),2,1.6177,1.44727,True,19,19,0,1,1,1,0.0,1,0.449932,0.274152,True,1,1/1,1,1,0.449932,0.274152,True,0.0,True,
pipesworld-notankage/p11-net2-b10-g2,label_order_linear(),7,15.4876,13.8321,True,20,20,0,1,1,1,0.0,1,2.6054,0.663819,True,1,1/1,1,1,2.6054,0.663819,True,0.0,True,
pipesworld-notankage/p11-net2-b10-g2,label_order_relaxed(),4,24.985,22.9113,True,21,20,0,2,2,1,0.008,2,5.16292,3.45283,True,1,2/2,2,2,5.16292,3.45283,True,0.008,True,
psr-small/p06-s10-n1-l4-f50,label_order_linear(),3,0.00644265,0.00456905,True,8,6,0,3,2,1,0.003,2,0.00696512,0.00432721,True,1,2/2,2,2,0.00696512,0.00432721,True,0.003,True,
psr-small/p06-s10-n1-l4-f50,label_order_relaxed(),3,0.0060291,0.00454273,True,8,6,0,3,2,1,0.003,2,0.00641075,0.00433101,True,1,2/2,2,2,0.00641075,0.00433101,True,0.003,True,
psr-small/p11-s18-n2-l2-f50,label_order_linear(),5,0.0117825,0.00909369,True,19,15,0,5,3,1,0.012,3,0.00960355,0.00607308,True,1,3/3,3,3,0.00960355,0.00607308,True,0.012,True,
psr-small/p11-s18-n2-l2-f50,label_order_relaxed(),6,0.0169153,0.0147018,True,19,15,0,5,2,1,0.015,2,0.00786058,0.00507619,True,1,2/2,2,2,0.00786058,0.00507619,True,0.015,True,
psr-small/p16-s29-n2-l5-f30,label_order_linear(),6,0.0555746,0.0479432,True,25,18,0,5,4,1,0.012,4,0.0250856,0.0173501,True,1,4/4,4,4,0.0250856,0.0173501,True,0.012,True,
psr-small/p16-s29-n2-l5-f30,label_order_relaxed(),6,0.0593586,0.0515072,True,25,18,0,7,4,1,0.023,4,0.0377036,0.0296652,True,1,4/4,4,4,0.0377036,0.0296652,True,0.023,True,
psr-small/p23-s38-n3-l3-f50,label_order_linear(),3,0.0111351,0.00643199,True,12,9,0,3,2,1,0.004,2,0.0100803,0.00568709,True,1,2/2,2,2,0.0100803,0.00568709,True,0.004,True,
psr-small/p23-s38-n3-l3-f50,label_order_relaxed(),3,0.0114844,0.00643628,True,12,9,0,3,2,1,0.004,2,0.00927192,0.00555412,True,1,2/2,2,2,0.00927192,0.00555412,True,0.004,True,
psr-small/p33-s51-n4-l2-f70,label_order_linear(),7,0.130807,0.122512,True,21,18,0,4,3,1,0.011,3,0.0246478,0.0158595,True,1,3/3,3,3,0.0246478,0.0158595,True,0.011,True,
psr-small/p33-s51-n4-l2-f70,label_order_relaxed(),6,0.0766517,0.067322,True,21,18,0,4,3,1,0.012,3,0.0250655,0.0159625,True,1,3/3,3,3,0.0250655,0.0159625,True,0.012,True,
psr-small/p46-s97-n5-l2-f30,label_order_linear(),11,1.6587,1.6475,True,34,24,0,11,6,1,0.063,6,0.110421,0.100028,True,1,6/6,6,6,0.110421,0.100028,True,0.063,True,
psr-small/p46-s97-n5-l2-f30,label_order_relaxed(),13,2.77531,2.76358,True,34,25,0,10,6,1,0.061,6,0.251599,0.239507,True,1,6/6,6,6,0.251599,0.239507,True,0.061,True,
rovers/p05,label_order_linear(),2,0.0181993,0.00509494,True,10,10,0,1,1,1,0.0,1,0.0159152,0.00384266,True,1,1/1,1,1,0.0159152,0.00384266,True,0.0,True,
rovers/p05,label_order_relaxed(),2,0.0155302,0.00405864,True,11,10,0,2,2,1,0.002,1,0.0168895,0.00420982,True,2,2/1>1/1,1,1,0.0170348,0.00400724,True,0.002,True,
rovers/p27,label_order_linear(),3,4.0821,0.0929665,True,53,47,0,3,2,1,0.13,2,4.23033,0.0110773,True,1,2/2,2,2,4.23033,0.0110773,True,0.13,True,
rovers/p27,label_order_relaxed(),3,5.22496,0.134909,True,54,46,0,6,3,1,0.229,2,4.09378,0.0117086,True,2,3/2>2/2,2,2,4.35467,0.0139566,True,0.475,True,
rovers/p28,label_order_linear(),2,7.61882,0.0829707,True,39,39,0,1,1,1,0.0,1,8.26204,0.00758309,True,1,1/1,1,1,8.26204,0.00758309,True,0.0,True,
rovers/p28,label_order_relaxed(),2,10.331,0.151904,True,46,39,0,2,2,1,0.052,1,8.04702,0.00742246,True,2,2/1>1/1,1,1,9.16373,0.00734523,True,0.052,True,
rovers/p29,label_order_linear(),2,14.2239,0.017959,True,35,35,0,1,1,1,0.0,1,15.4911,0.00908548,True,1,1/1,1,1,15.4911,0.00908548,True,0.0,True,
rovers/p29,label_order_relaxed(),2,17.3007,0.081438,True,39,36,0,2,2,1,0.041,1,17.2561,0.00805629,True,2,2/1>1/1,1,1,15.5866,0.00908046,True,0.041,True,
rovers/p30,label_order_linear(),3,44.0527,19.2065,True,54,50,0,3,2,1,0.157,2,25.1117,0.0238195,True,1,2/2,2,2,25.1117,0.0238195,True,0.157,True,
rovers/p30,label_order_relaxed(),3,165.787,143.832,True,64,54,0,4,3,1,0.203,2,28.9391,0.0720062,True,2,3/2>2/2,2,2,25.4507,0.0209912,True,0.292,True,
rovers/p31,label_order_linear(),3,14.71,0.590697,True,55,50,0,4,2,1,0.224,2,14.3848,0.0343642,True,1,2/2,2,2,14.3848,0.0343642,True,0.224,True,
rovers/p31,label_order_relaxed(),3,13.9462,0.762321,True,66,55,0,5,3,1,0.301,2,13.5559,0.0237628,True,2,3/2>2/2,2,2,13.8092,0.0248233,True,0.511,True,
rovers/p37,label_order_linear(),,,,,,,,,,,,,,,,,,,,,,,,,base unsolved
rovers/p37,label_order_relaxed(),,,,,,,,,,,,,,,,,,,,,,,,,base unsolved
satellite/p04-pfile4,label_order_linear(),2,0.0143159,0.00459774,True,11,11,0,1,1,1,0.0,1,0.014958,0.00474856,True,1,1/1,1,1,0.014958,0.00474856,True,0.0,True,
satellite/p04-pfile4,label_order_relaxed(),1,0.0120333,0.00414164,True,11,11,0,1,1,1,0.0,1,0.0123923,0.00418167,True,1,1/1,1,1,0.0123923,0.00418167,True,0.0,True,
satellite/p22-HC-pfile2,label_order_linear(),2,4.27696,0.00840788,True,52,51,0,2,2,1,0.097,1,4.55807,0.00914222,True,2,2/1>1/1,1,1,4.40916,0.00845739,True,0.097,True,
satellite/p22-HC-pfile2,label_order_relaxed(),1,6.54452,0.00934343,True,52,52,0,1,1,1,0.0,1,6.37055,0.00911148,True,1,1/1,1,1,6.37055,0.00911148,True,0.0,True,
satellite/p23-HC-pfile3,label_order_linear(),2,12.2509,0.013625,True,55,55,0,1,1,1,0.0,1,15.519,0.013772,True,1,1/1,1,1,15.519,0.013772,True,0.0,True,
satellite/p23-HC-pfile3,label_order_relaxed(),1,14.7333,0.0136744,True,56,56,0,1,1,1,0.0,1,12.63,0.014534,True,1,1/1,1,1,12.63,0.014534,True,0.0,True,
satellite/p24-HC-pfile4,label_order_linear(),2,28.3722,0.0173802,True,69,69,0,1,1,1,0.0,1,28.8563,0.0200288,True,1,1/1,1,1,28.8563,0.0200288,True,0.0,True,
satellite/p24-HC-pfile4,label_order_relaxed(),1,33.9661,0.019131,True,75,75,0,1,1,1,0.0,1,31.094,0.0216416,True,1,1/1,1,1,31.094,0.0216416,True,0.0,True,
satellite/p25-HC-pfile5,label_order_linear(),2,50.5552,0.0202331,True,67,66,0,2,2,1,0.21,1,49.5253,0.0214043,True,2,2/1>1/1,1,1,49.8474,0.0227291,True,0.21,True,
satellite/p25-HC-pfile5,label_order_relaxed(),1,56.673,0.0221582,True,71,71,0,1,1,1,0.0,1,57.6908,0.0229849,True,1,1/1,1,1,57.6908,0.0229849,True,0.0,True,
satellite/p26-HC-pfile6,label_order_linear(),2,60.4221,0.0178066,True,69,69,0,1,1,1,0.0,1,61.6961,0.022108,True,1,1/1,1,1,61.6961,0.022108,True,0.0,True,
satellite/p26-HC-pfile6,label_order_relaxed(),1,64.3567,0.0193944,True,75,75,0,1,1,1,0.0,1,66.5415,0.0212642,True,1,1/1,1,1,66.5415,0.0212642,True,0.0,True,
scanalyzer-08-strips/p04,label_order_linear(),2,0.373363,0.2959,True,10,10,0,1,1,1,0.0,1,0.988719,0.909318,True,1,1/1,1,1,0.988719,0.909318,True,0.0,True,
scanalyzer-08-strips/p04,label_order_relaxed(),1,1.162,1.06919,True,8,8,0,1,1,1,0.0,1,1.52884,1.43546,True,1,1/1,1,1,1.52884,1.43546,True,0.0,True,
scanalyzer-08-strips/p05,label_order_linear(),3,12.0009,11.9404,True,32,30,0,2,2,1,0.025,1,0.839473,0.779333,True,2,2/1>1/1,1,1,1.36025,1.2994,True,0.025,True,
scanalyzer-08-strips/p05,label_order_relaxed(),2,4.35999,4.30218,True,18,18,0,1,1,1,0.0,1,1.69241,1.63601,True,1,1/1,1,1,1.69241,1.63601,True,0.0,True,
scanalyzer-08-strips/p07,label_order_linear(),2,8.43975,8.10902,True,16,16,0,1,1,1,0.0,1,6.44976,6.13061,True,1,1/1,1,1,6.44976,6.13061,True,0.0,True,
scanalyzer-08-strips/p07,label_order_relaxed(),1,7.55639,7.25302,True,10,10,0,1,1,1,0.0,1,8.57294,8.23921,True,1,1/1,1,1,8.57294,8.23921,True,0.0,True,
scanalyzer-08-strips/p11,label_order_linear(),2,108.276,107.612,True,46,46,0,1,1,1,0.0,1,22.0101,21.3836,True,1,1/1,1,1,22.0101,21.3836,True,0.0,True,
scanalyzer-08-strips/p11,label_order_relaxed(),2,93.5405,92.9462,True,36,36,0,1,1,1,0.0,1,24.978,24.255,True,1,1/1,1,1,24.978,24.255,True,0.0,True,
storage/p04,label_order_linear(),4,0.0256892,0.0216257,True,8,7,0,2,2,1,0.002,2,0.012527,0.0084247,True,1,2/2,2,2,0.012527,0.0084247,True,0.002,True,
storage/p04,label_order_relaxed(),3,0.0233482,0.0189295,True,10,9,0,2,2,1,0.003,2,0.0116792,0.00761226,True,1,2/2,2,2,0.0116792,0.00761226,True,0.003,True,
storage/p11,label_order_linear(),5,3.93464,3.89497,True,28,21,0,8,4,1,0.037,3,1.5108,1.47311,True,2,4/3>3/3,3,3,1.70634,1.66701,True,0.051,True,
storage/p11,label_order_relaxed(),5,8.4688,8.43395,True,24,23,0,2,2,1,0.01,2,0.536588,0.502433,True,1,2/2,2,2,0.536588,0.502433,True,0.01,True,
storage/p12,label_order_linear(),4,6.01733,5.95475,True,25,25,0,1,1,1,0.0,1,0.59303,0.527417,True,1,1/1,1,1,0.59303,0.527417,True,0.0,True,
storage/p12,label_order_relaxed(),3,8.41594,8.35255,True,22,21,0,2,2,1,0.009,2,2.79397,2.72572,True,1,2/2,2,2,2.79397,2.72572,True,0.009,True,
storage/p13,label_order_linear(),9,36.0669,36.0474,True,18,15,0,4,3,1,0.008,3,0.159538,0.141854,True,1,3/3,3,3,0.159538,0.141854,True,0.008,True,
storage/p13,label_order_relaxed(),10,221.835,221.816,True,22,19,0,4,3,1,0.013,3,0.4004,0.381005,True,1,3/3,3,3,0.4004,0.381005,True,0.013,True,
storage/p14,label_order_linear(),5,12.5863,12.5118,True,28,25,0,3,2,1,0.03,2,2.46358,2.3755,True,1,2/2,2,2,2.46358,2.3755,True,0.03,True,
storage/p14,label_order_relaxed(),4,6.64981,6.56551,True,28,26,0,3,3,1,0.019,2,1.97502,1.90444,True,2,3/2>2/2,2,2,1.50282,1.43709,True,0.035,True,
storage/p15,label_order_linear(),4,36.021,35.8975,True,26,26,0,1,1,1,0.0,1,1.15937,1.03096,True,1,1/1,1,1,1.15937,1.03096,True,0.0,True,
storage/p15,label_order_relaxed(),3,24.1853,24.0461,True,28,28,0,1,1,1,0.0,1,1.39947,1.26295,True,1,1/1,1,1,1.39947,1.26295,True,0.0,True,
tpp/p07,label_order_linear(),4,0.0394253,0.0103321,True,34,29,0,4,3,1,0.041,2,0.0341286,0.005664,True,2,3/2>2/2,2,2,0.033927,0.00617729,True,0.088,True,
tpp/p07,label_order_relaxed(),2,0.0332919,0.00542012,True,36,25,0,5,2,1,0.049,2,0.0344716,0.00553588,True,1,2/2,2,2,0.0344716,0.00553588,True,0.049,True,
tpp/p19,label_order_linear(),4,19.9714,0.250485,True,125,110,0,10,3,1,4.643,2,19.3951,0.0517054,True,2,3/2>2/2,2,2,16.9161,0.0544252,True,8.968,True,
tpp/p19,label_order_relaxed(),2,20.4218,0.0615027,True,119,106,0,5,2,1,2.674,2,19.2287,0.0501096,True,1,2/2,2,2,19.2287,0.0501096,True,2.674,True,
tpp/p21,label_order_linear(),3,24.9585,0.181573,True,121,105,0,8,3,1,3.781,2,25.0113,0.0518176,True,2,3/2>2/2,2,2,24.2342,0.058041,True,8.537,True,
tpp/p21,label_order_relaxed(),2,29.4272,0.056842,True,122,103,0,9,2,1,4.668,2,26.4533,0.0568391,True,1,2/2,2,2,26.4533,0.0568391,True,4.668,True,
tpp/p22,label_order_linear(),3,28.043,0.129988,True,115,97,0,10,3,1,3.571,2,33.5603,0.0687136,True,2,3/2>2/2,2,2,29.7846,0.0546024,True,4.928,True,
tpp/p22,label_order_relaxed(),2,38.7566,0.0670438,True,118,103,0,4,2,1,1.968,2,33.0532,0.0580082,True,1,2/2,2,2,33.0532,0.0580082,True,1.968,True,
tpp/p23,label_order_linear(),3,39.9225,0.211266,True,126,109,0,8,3,1,3.833,2,32.9064,0.0535196,True,2,3/2>2/2,2,2,39.9131,0.062048,True,9.027,True,
tpp/p23,label_order_relaxed(),2,47.7997,0.0609873,True,122,108,0,8,2,1,4.618,2,41.1495,0.063005,True,1,2/2,2,2,41.1495,0.063005,True,4.618,True,
tpp/p24,label_order_linear(),3,54.463,0.244052,True,135,116,0,9,3,1,5.895,2,51.2404,0.0746395,True,2,3/2>2/2,2,2,56.1364,0.0946309,True,10.054,True,
tpp/p24,label_order_relaxed(),2,57.728,0.0818506,True,125,116,0,5,2,1,3.536,2,55.4826,0.0748305,True,1,2/2,2,2,55.4826,0.0748305,True,3.536,True,
transport-opt08-strips/p04,label_order_linear(),2,0.02073,0.00523858,True,10,10,0,1,1,1,0.0,1,0.0224011,0.00459477,True,1,1/1,1,1,0.0224011,0.00459477,True,0.0,True,
transport-opt08-strips/p04,label_order_relaxed(),1,0.0211966,0.00469449,True,10,10,0,1,1,1,0.0,1,0.0226563,0.00480324,True,1,1/1,1,1,0.0226563,0.00480324,True,0.0,True,
transport-opt08-strips/p07,label_order_linear(),2,0.153681,0.0097632,True,16,16,0,1,1,1,0.0,1,0.139299,0.0059188,True,1,1/1,1,1,0.139299,0.0059188,True,0.0,True,
transport-opt08-strips/p07,label_order_relaxed(),1,0.13439,0.00618425,True,16,16,0,1,1,1,0.0,1,0.144107,0.00623679,True,1,1/1,1,1,0.144107,0.00623679,True,0.0,True,
transport-opt08-strips/p10,label_order_linear(),3,0.593149,0.215758,True,26,24,0,3,2,1,0.019,1,0.366293,0.00674218,True,2,2/1>1/1,1,1,0.364023,0.0067923,True,0.019,True,
transport-opt08-strips/p10,label_order_relaxed(),2,0.651716,0.215114,True,30,30,0,1,1,1,0.0,1,0.398764,0.00751893,True,1,1/1,1,1,0.398764,0.00751893,True,0.0,True,
transport-opt08-strips/p14,label_order_linear(),2,0.0246404,0.00525031,True,10,10,0,1,1,1,0.0,1,0.0244249,0.00444405,True,1,1/1,1,1,0.0244249,0.00444405,True,0.0,True,
transport-opt08-strips/p14,label_order_relaxed(),1,0.0289952,0.00575449,True,10,10,0,1,1,1,0.0,1,0.0281714,0.00822517,True,1,1/1,1,1,0.0281714,0.00822517,True,0.0,True,
transport-opt08-strips/p20,label_order_linear(),3,0.635918,0.185535,True,28,28,0,1,1,1,0.0,1,0.493437,0.00687589,True,1,1/1,1,1,0.493437,0.00687589,True,0.0,True,
transport-opt08-strips/p20,label_order_relaxed(),2,0.674756,0.139902,True,22,22,0,1,1,1,0.0,1,0.599883,0.00744934,True,1,1/1,1,1,0.599883,0.00744934,True,0.0,True,
transport-opt08-strips/p28,label_order_linear(),3,0.28362,0.0549977,True,20,20,0,1,1,1,0.0,1,0.192765,0.00627735,True,1,1/1,1,1,0.192765,0.00627735,True,0.0,True,
transport-opt08-strips/p28,label_order_relaxed(),2,0.232167,0.0340726,True,20,20,0,1,1,1,0.0,1,0.222812,0.00674347,True,1,1/1,1,1,0.222812,0.00674347,True,0.0,True,
trucks-strips/p01,label_order_linear(),6,0.200458,0.195256,True,15,11,0,5,4,1,0.005,4,0.0251923,0.0201264,True,1,4/4,4,4,0.0251923,0.0201264,True,0.005,True,
trucks-strips/p01,label_order_relaxed(),5,0.0961487,0.0896692,True,14,10,0,5,5,1,0.003,5,0.090569,0.0842239,True,1,5/5,5,5,0.090569,0.0842239,True,0.003,True,
trucks-strips/p04,label_order_linear(),10,8.32398,8.30884,True,23,19,0,5,5,1,0.007,5,0.766459,0.749451,True,1,5/5,5,5,0.766459,0.749451,True,0.007,True,
trucks-strips/p04,label_order_relaxed(),9,17.3697,17.3512,True,28,21,0,8,8,1,0.01,7,3.99233,3.97407,True,2,8/7>5/5,5,5,0.766377,0.74938,True,0.018,True,
trucks-strips/p05,label_order_linear(),10,20.9985,20.9678,True,28,22,0,7,7,1,0.01,6,2.1012,2.07448,True,2,7/6>6/6,6,6,2.24203,2.21353,True,0.02,True,
trucks-strips/p05,label_order_relaxed(),8,13.0903,13.0644,True,28,22,0,7,7,1,0.01,6,2.20149,2.17355,True,2,7/6>5/5,5,5,1.15818,1.1346,True,0.031,True,
trucks-strips/p06,label_order_linear(),12,71.042,71.0128,True,34,25,0,10,10,1,0.017,7,5.93608,5.89955,True,2,10/7>6/6,6,6,2.41408,2.38134,True,0.038,True,
trucks-strips/p06,label_order_relaxed(),10,57.6949,57.6606,True,30,25,0,6,6,1,0.018,6,3.39104,3.3568,True,1,6/6,6,6,3.39104,3.3568,True,0.018,True,
trucks-strips/p07,label_order_linear(),9,11.403,11.3785,True,24,19,0,6,6,1,0.008,6,1.75879,1.73271,True,1,6/6,6,6,1.75879,1.73271,True,0.008,True,
trucks-strips/p07,label_order_relaxed(),8,12.6334,12.609,True,27,21,0,7,7,1,0.01,7,3.864,3.8373,True,1,7/7,7,7,3.864,3.8373,True,0.01,True,
trucks-strips/p08,label_order_linear(),10,44.9447,44.8993,True,27,22,0,6,6,1,0.01,6,5.93464,5.89093,True,1,6/6,6,6,5.93464,5.89093,True,0.01,True,
trucks-strips/p08,label_order_relaxed(),8,48.3191,48.2695,True,28,24,0,5,5,1,0.012,5,3.48402,3.43532,True,1,5/5,5,5,3.48402,3.43532,True,0.012,True,
visitall-opt11-strips/problem02-full,label_order_linear(),2,0.0067935,0.00408646,True,4,4,0,1,1,1,0.0,1,0.00643937,0.00376602,True,1,1/1,1,1,0.00643937,0.00376602,True,0.0,True,
visitall-opt11-strips/problem02-full,label_order_relaxed(),2,0.00690493,0.00409304,True,4,4,0,1,1,1,0.0,1,0.00565827,0.00388603,True,1,1/1,1,1,0.00565827,0.00388603,True,0.0,True,
visitall-opt11-strips/problem03-full,label_order_linear(),4,0.0117579,0.00889951,True,10,8,0,3,3,1,0.002,2,0.0082058,0.00501182,True,2,3/2>2/2,2,2,0.00897251,0.00572742,True,0.004,True,
visitall-opt11-strips/problem03-full,label_order_relaxed(),4,0.0121736,0.00866669,True,8,8,0,1,1,1,0.0,1,0.00808237,0.00478099,True,1,1/1,1,1,0.00808237,0.00478099,True,0.0,True,
woodworking-opt08-strips/p10,label_order_linear(),2,5.37291,0.343126,True,44,43,0,2,2,1,0.062,1,5.30159,0.116594,True,2,2/1>1/1,1,1,5.12221,0.108686,True,0.062,True,
woodworking-opt08-strips/p10,label_order_relaxed(),2,6.00549,0.640065,True,47,46,0,2,2,1,0.074,1,5.39648,0.103464,True,2,2/1>1/1,1,1,5.4126,0.103947,True,0.074,True,
woodworking-opt08-strips/p17,label_order_linear(),2,1.40793,0.0711835,True,25,25,0,1,1,1,0.0,1,1.35599,0.0406929,True,1,1/1,1,1,1.35599,0.0406929,True,0.0,True,
woodworking-opt08-strips/p17,label_order_relaxed(),1,1.34415,0.0484292,True,22,22,0,1,1,1,0.0,1,1.3967,0.0422308,True,1,1/1,1,1,1.3967,0.0422308,True,0.0,True,
woodworking-opt08-strips/p18,label_order_linear(),2,1.87327,0.12173,True,31,31,0,1,1,1,0.0,1,1.87841,0.0413809,True,1,1/1,1,1,1.87841,0.0413809,True,0.0,True,
woodworking-opt08-strips/p18,label_order_relaxed(),2,1.95435,0.107975,True,30,30,0,1,1,1,0.0,1,1.99119,0.0461669,True,1,1/1,1,1,1.99119,0.0461669,True,0.0,True,
woodworking-opt08-strips/p19,label_order_linear(),2,4.23291,0.10329,True,36,36,0,1,1,1,0.0,1,4.31701,0.0533251,True,1,1/1,1,1,4.31701,0.0533251,True,0.0,True,
woodworking-opt08-strips/p19,label_order_relaxed(),2,4.9554,0.136344,True,37,37,0,1,1,1,0.0,1,4.67673,0.0574577,True,1,1/1,1,1,4.67673,0.0574577,True,0.0,True,
woodworking-opt08-strips/p20,label_order_linear(),2,7.35407,0.311571,True,37,37,0,1,1,1,0.0,1,7.41443,0.0742978,True,1,1/1,1,1,7.41443,0.0742978,True,0.0,True,
woodworking-opt08-strips/p20,label_order_relaxed(),2,7.27649,0.595173,True,41,41,0,1,1,1,0.0,1,7.93281,0.0960398,True,1,1/1,1,1,7.93281,0.0960398,True,0.0,True,
woodworking-opt08-strips/p21,label_order_linear(),2,0.0177409,0.00612863,True,10,10,0,1,1,1,0.0,1,0.0160468,0.00513524,True,1,1/1,1,1,0.0160468,0.00513524,True,0.0,True,
woodworking-opt08-strips/p21,label_order_relaxed(),1,0.01665,0.00550174,True,8,8,0,1,1,1,0.0,1,0.0166865,0.00525943,True,1,1/1,1,1,0.0166865,0.00525943,True,0.0,True,
zenotravel/pfile11,label_order_linear(),,0.0309965,,True,,,,,,,,,,,,,,,,,,,,,trivial
zenotravel/pfile11,label_order_relaxed(),,0.0305185,,True,,,,,,,,,,,,,,,,,,,,,trivial
